"","uncertainty_index","risk_index","France_index","Germany_index","Italy_index","UK_index"
"2007-01-07",0.0159991235,0.0258825831666667,0.0550283721666667,0.0166666666666667,0.0972222221666667,0.0373860901666667
"2007-01-14",0.0117945722857143,0.0244450268571429,0.0259502924285714,0.0436405261428571,0.0422861451428571,0.0212573834285714
"2007-01-21",0.0130107067142857,0.0212753545714286,0.0189786058571429,0.0136695905714286,0,0.00761069342857143
"2007-01-28",0.0154936711428571,0.0251987978571429,0.0312350291428571,0.022985348,0.0357142857142857,0.022242603
"2007-02-04",0.0182068677142857,0.0231801975714286,0.0155909254285714,0.0252713207142857,0.00476190471428571,0.0135719691428571
"2007-02-11",0.0128289047142857,0.0346355167142857,0.0189294832857143,0.0238115078571429,0.0124223602857143,0.0175413271428571
"2007-02-18",0.0113900132857143,0.0201271815714286,0.0166013885714286,0.0100677854285714,0.0165306122857143,0.0173113602857143
"2007-02-25",0.016587708,0.0260134965714286,0.024728488,0.0219812381428571,0.0527093595714286,0.0160173828571429
"2007-03-04",0.0155038924285714,0.025183075,0.0330547585714286,0.0305610211428571,0.0499528148571429,0.027930897
"2007-03-11",0.0118920118571429,0.0207427578571429,0.0103420534285714,0.00671995,0.003968254,0.0185551942857143
"2007-03-18",0.0148139594285714,0.0174479741428571,0.0187041172857143,0.0285565334285714,0.021082571,0.0119912702857143
"2007-03-25",0.0116526327142857,0.0258246288571429,0.0458639181428571,0.017973761,0.0389644747142857,0.030236259
"2007-04-01",0.0280968864285714,0.0221254058571429,0.0449444708571429,0.0186173615714286,0.0364285714285714,0.0322956028571429
"2007-04-08",0.0146269138571429,0.0240221401428571,0.0185013875714286,0.020590379,0.016853193,0.01712411
"2007-04-15",0.0165376405714286,0.0337620048571429,0.0288354625714286,0.0255010045714286,0.0391363501428571,0.0123820992857143
"2007-04-22",0.0184524888571429,0.0275084984285714,0.0317899897142857,0.0294598075714286,0.0157575757142857,0.0554495738571429
"2007-04-29",0.012052987,0.0197606065714286,0.010945701,0.0742963767142857,0.017178224,0.0299796534285714
"2007-05-06",0.0101938885714286,0.0143481895714286,0.016250945,0.0155573592857143,0.0527544351428571,0.0172748691428571
"2007-05-13",0.0136574344285714,0.0252071482857143,0.0277369537142857,0.0405950114285714,0.0143849207142857,0.0287351741428571
"2007-05-20",0.0149093632857143,0.0251974915714286,0.0151954454285714,0.0371568585714286,0.0195681105714286,0.0259339405714286
"2007-05-27",0.0148884634285714,0.0206037425714286,0.0276873164285714,0.013946436,0.0208333332857143,0.0225849815714286
"2007-06-03",0.00856381457142857,0.0219701998571429,0.00238095242857143,0.00498584528571429,0.003968254,0.00423048642857143
"2007-06-10",0.0117784528571429,0.026207542,0.004608295,0.00662878785714286,0.00752393985714286,0.014975221
"2007-06-17",0.00975119285714286,0.0217423977142857,0.0225777421428571,0.0244324911428571,0.0127551021428571,0.0159045662857143
"2007-06-24",0.0127620781428571,0.0172727691428571,0.0287118257142857,0.0282908001428571,0.0529828311428571,0.0361401224285714
"2007-07-01",0.0115854265714286,0.0194123307142857,0.0149195082857143,0.00819390228571429,0.00957613814285714,0.0115006635714286
"2007-07-08",0.011520378,0.0242056065714286,0.0132073808571429,0.00822055142857143,0.0187012987142857,0.0193679522857143
"2007-07-15",0.0126444317142857,0.0229287701428571,0.00865800871428571,0.0184202058571429,0,0.032316492
"2007-07-22",0.0103607434285714,0.024813623,0.0116689532857143,0.0161939775714286,0,0.0115187435714286
"2007-07-29",0.0136330492857143,0.0171457164285714,0.00680580771428571,0.00204081628571429,0.006179402,0.048985588
"2007-08-05",0.0185320392857143,0.0138721792857143,0.0236352617142857,0.021087608,0.00621118014285714,0.0436962744285714
"2007-08-12",0.016025091,0.0252767107142857,0.023019616,0.00909957,0.015037594,0.0225979421428571
"2007-08-19",0.0198654601428571,0.0327039955714286,0.0485588972857143,0.0642371234285714,0.0158730158571429,0.0714415592857143
"2007-08-26",0.0273775652857143,0.0245341794285714,0.0474545452857143,0.0354272135714286,0.0243506492857143,0.0312599662857143
"2007-09-02",0.0285727951428571,0.0214526664285714,0.0236815524285714,0.0528204687142857,0.0106951871428571,0.0559838762857143
"2007-09-09",0.0301396294285714,0.0254116464285714,0.0255526124285714,0.0188334281428571,0.00446428571428571,0.0359933285714286
"2007-09-16",0.0309175294285714,0.0290517388571429,0.038193898,0.0485521551428571,0.0152939307142857,0.0837124228571429
"2007-09-23",0.0234839202857143,0.0356519052857143,0.0256904555714286,0.0231910945714286,0.0422077921428571,0.0569058945714286
"2007-09-30",0.0225449277142857,0.0219708405714286,0.0550154705714286,0.0565380622857143,0.0114468864285714,0.0557904151428571
"2007-10-07",0.0247256074285714,0.0272004838571429,0.0324793772857143,0.0623025928571429,0.0273015872857143,0.0483852568571429
"2007-10-14",0.0223933137142857,0.0288119768571429,0.0385940425714286,0.0102104274285714,0.0434410551428571,0.0362305258571429
"2007-10-21",0.0254131754285714,0.03331825,0.0273393737142857,0.041574005,0.0142195767142857,0.0393798257142857
"2007-10-28",0.0219991937142857,0.0178227887142857,0.0456400742857143,0.0533290971428571,0.0360544218571429,0.0459404525714286
"2007-11-04",0.0222532505714286,0.0196852841428571,0.0267472221428571,0.0275216002857143,0.0161564625714286,0.0383718658571429
"2007-11-11",0.024194279,0.0291654934285714,0.0384358302857143,0.0403585764285714,0.0395752895714286,0.0816015428571429
"2007-11-18",0.0318113891428571,0.0375225878571429,0.0513783151428571,0.0425767401428571,0.0325396825714286,0.0551798742857143
"2007-11-25",0.0331051908571429,0.0311524387142857,0.025006105,0.053377505,0.0263046008571429,0.0637759811428572
"2007-12-02",0.0332510142857143,0.025027771,0.0266232584285714,0.0347457005714286,0.0410997732857143,0.0504795507142857
"2007-12-09",0.023273702,0.0324925384285714,0.0163286761428571,0.0191394368571429,0.0241628052857143,0.0315709058571429
"2007-12-16",0.0265947544285714,0.0245243962857143,0.0398625424285714,0.0292109841428571,0.0242834448571429,0.0292573275714286
"2007-12-23",0.0309394674285714,0.0207872072857143,0.0935452874285714,0.055601521,0.049170127,0.057603077
"2007-12-30",0.0226235512857143,0.0307128894285714,0.0394052215714286,0.009755291,0,0.00386100385714286
"2008-01-06",0.0347790648571429,0.028128887,0.0905556264285714,0.0711134454285714,0.120490620571429,0.0551987005714286
"2008-01-13",0.0394012237142857,0.032596239,0.062769229,0.111764542571429,0.0734126985714286,0.098650198
"2008-01-20",0.0290148592857143,0.0285751915714286,0.0470015938571429,0.0388672574285714,0.0925582682857143,0.04600233
"2008-01-27",0.0294686405714286,0.0351522157142857,0.0289402268571429,0.0275616875714286,0.0381517252857143,0.0328353617142857
"2008-02-03",0.0307965478571429,0.0269028901428571,0.0538547734285714,0.057871171,0.110295420857143,0.0432536607142857
"2008-02-10",0.0295327945714286,0.0386993142857143,0.063313952,0.0798483461428571,0.0878569427142857,0.0648062407142857
"2008-02-17",0.0276029352857143,0.0292360961428571,0.0349158105714286,0.0505820391428571,0.0446864964285714,0.044746556
"2008-02-24",0.025834454,0.0303764287142857,0.0468554158571429,0.041993965,0.00510204085714286,0.0466902018571429
"2008-03-02",0.0247923097142857,0.039212134,0.039660189,0.027999387,0.009920635,0.0541105151428571
"2008-03-09",0.0335536691428571,0.0260678808571429,0.0394184157142857,0.0375032054285714,0.065696146,0.0827051795714286
"2008-03-16",0.0354313972857143,0.023574534,0.0555830212857143,0.0583594,0.0393129171428571,0.0625199787142857
"2008-03-23",0.0337060717142857,0.0236059202857143,0.0302648654285714,0.0637316215714286,0.0453085341428571,0.0582640004285714
"2008-03-30",0.0313591981428571,0.03049013,0.0369581037142857,0.0361410774285714,0.0205224598571429,0.0411973425714286
"2008-04-06",0.0245899384285714,0.0333899142857143,0.0317308938571429,0.0219659225714286,0.0112833382857143,0.0326240124285714
"2008-04-13",0.0236733634285714,0.0466676194285714,0.0399793547142857,0.0400672888571429,0.0741877395714286,0.0458019645714286
"2008-04-20",0.025806635,0.027422661,0.0691088897142857,0.033396687,0.0753018937142857,0.0343496844285714
"2008-04-27",0.0239773861428571,0.0197360177142857,0.0270113422857143,0.0542748212857143,0.024558959,0.0330768071428571
"2008-05-04",0.0269079371428571,0.0285274972857143,0.0140716954285714,0.0274959982857143,0.023769305,0.0299514951428571
"2008-05-11",0.0239807898571429,0.025892672,0.0554218505714286,0.050758074,0.074310024,0.0587014125714286
"2008-05-18",0.0267193851428571,0.0237713237142857,0.035688811,0.0406392874285714,0.035889064,0.0517236401428571
"2008-05-25",0.0284872402857143,0.0258179695714286,0.0383981294285714,0.0371055607142857,0.00324675328571429,0.0314669497142857
"2008-06-01",0.027070287,0.024960075,0.0324772421428571,0.0384896887142857,0.0143253767142857,0.0641179348571429
"2008-06-08",0.0228943331428571,0.0289016402857143,0.0284972055714286,0.0327476288571429,0.00753968257142857,0.0274076842857143
"2008-06-15",0.0295979212857143,0.0350317092857143,0.0411487967142857,0.0221088435714286,0.0146465145714286,0.0415120511428571
"2008-06-22",0.0289458767142857,0.0271965105714286,0.0360379407142857,0.0421838447142857,0.0630653965714286,0.0586187722857143
"2008-06-29",0.0261754902857143,0.034966677,0.035581189,0.0375817435714286,0.0439353525714286,0.0399908925714286
"2008-07-06",0.0350842167142857,0.0278527567142857,0.0310701768571429,0.0531023014285714,0.012987013,0.0531666415714286
"2008-07-13",0.0313093341428571,0.0310335354285714,0.0378112288571429,0.0361501077142857,0.0316375354285714,0.03990736
"2008-07-20",0.0338920038571429,0.0362458691428571,0.0394339177142857,0.0578449985714286,0.00357142857142857,0.0272890438571429
"2008-07-27",0.0380946874285714,0.0291120784285714,0.0529745045714286,0.059315102,0.0477955928571429,0.0301412985714286
"2008-08-03",0.0345192485714286,0.0217273448571429,0.0290493728571429,0.0474472814285714,0.0115706267142857,0.0425047774285714
"2008-08-10",0.0240941065714286,0.0322410182857143,0.0297585701428571,0.0187802112857143,0.0149871914285714,0.0392099254285714
"2008-08-17",0.0205707177142857,0.014973319,0.0142597864285714,0.0107715578571429,0.00630897528571429,0.0204606838571429
"2008-08-24",0.0254077125714286,0.0180486641428571,0.0205661651428571,0.0271553321428571,0.00621118014285714,0.0452223721428571
"2008-08-31",0.0327508617142857,0.0242610824285714,0.0305172181428571,0.0628086051428571,0.0376625434285714,0.060261556
"2008-09-07",0.0393793697142857,0.0259914344285714,0.0353909851428571,0.025508359,0.01140764,0.0531201871428571
"2008-09-14",0.0486796655714286,0.0335403815714286,0.0603547925714286,0.034562563,0.0181651607142857,0.102249256571429
"2008-09-21",0.0482387725714286,0.0323620812857143,0.0439346585714286,0.0518278161428571,0.0504535147142857,0.0708552231428572
"2008-09-28",0.0748326112857143,0.0414625195714286,0.121959805285714,0.106969239428571,0.0576241547142857,0.0982637932857143
"2008-10-05",0.0602905921428571,0.0320145057142857,0.072131655,0.115230376714286,0.0444272445714286,0.114715376
"2008-10-12",0.0488888481428571,0.0482420041428571,0.0491708647142857,0.0618573264285714,0.0365622052857143,0.0686468841428571
"2008-10-19",0.0489380047142857,0.0380042967142857,0.0953482857142857,0.051632822,0.0233560091428571,0.111043047285714
"2008-10-26",0.0446157994285714,0.037792215,0.074120582,0.0527342041428571,0.0482531347142857,0.0614427552857143
"2008-11-02",0.0435720088571429,0.0251487467142857,0.0512104958571429,0.0971618382857143,0.0568922305714286,0.103246034857143
"2008-11-09",0.0380305747142857,0.0221807587142857,0.0772298595714286,0.0733032852857143,0.0657669677142857,0.0590941942857143
"2008-11-16",0.0402337265714286,0.0288344225714286,0.0528388525714286,0.0412673817142857,0.0296404277142857,0.070288529
"2008-11-23",0.034750152,0.027643198,0.0503562485714286,0.0505172174285714,0.0168498168571429,0.0665672074285714
"2008-11-30",0.0343107075714286,0.0306506771428571,0.037848991,0.0385924154285714,0.0304492804285714,0.059292598
"2008-12-07",0.0348026298571429,0.023724982,0.09731708,0.0718676164285714,0.181377762,0.051887003
"2008-12-14",0.0445195495714286,0.033045006,0.0454596991428571,0.0826163105714286,0.0295566502857143,0.053901903
"2008-12-21",0.0494159201428571,0.0239984144285714,0.070800115,0.04113996,0.053419442,0.0824629611428571
"2008-12-28",0.0223887807142857,0.0265150058571429,0.00981596942857143,0.01781039,0.165413533857143,0.0150869237142857
"2009-01-04",0.0320123877142857,0.0191733695714286,0.0263254392857143,0.0208412277142857,0.019047619,0.0248772684285714
"2009-01-11",0.0303649002857143,0.0300233285714286,0.0375287044285714,0.0239722404285714,0.0271826558571429,0.045247714
"2009-01-18",0.0362292377142857,0.0201214998571429,0.057651338,0.0491546732857143,0.0184611088571429,0.0463980298571429
"2009-01-25",0.0363230564285714,0.0287700405714286,0.0371749998571429,0.0321313465714286,0.0340076381428571,0.0619582548571429
"2009-02-01",0.034327832,0.0253270481428571,0.0442345772857143,0.0339192947142857,0.0560044751428571,0.0433016158571429
"2009-02-08",0.0414963418571429,0.0243850704285714,0.0371855038571429,0.0790387747142857,0.0356912508571429,0.0468128155714286
"2009-02-15",0.0427761268571429,0.0268802347142857,0.0372864234285714,0.050695122,0.0671441755714286,0.0623046138571429
"2009-02-22",0.043633507,0.034731408,0.0694208351428571,0.078911184,0.0474410051428571,0.0508084278571429
"2009-03-01",0.0530336234285714,0.0300501161428571,0.0891715648571429,0.0906041435714286,0.0292927151428571,0.121649057714286
"2009-03-08",0.03810732,0.0328411215714286,0.050943115,0.0648918917142857,0.0365211201428571,0.0571022215714286
"2009-03-15",0.0346119992857143,0.0363651157142857,0.0474139655714286,0.0681959022857143,0.0205568887142857,0.056805226
"2009-03-22",0.0304679997142857,0.0431379925714286,0.0509332435714286,0.0649685335714286,0.0268118978571429,0.0490413188571429
"2009-03-29",0.0376509528571429,0.0394504504285714,0.0298425752857143,0.0762830887142857,0.0174695281428571,0.0659233897142857
"2009-04-05",0.0217625045714286,0.0311806914285714,0.00550193057142857,0.0349843054285714,0.00375939842857143,0.0230600924285714
"2009-04-12",0.0229396465714286,0.0244994534285714,0.0136997657142857,0.019517264,0.0155463901428571,0.0284397415714286
"2009-04-19",0.0404061008571429,0.0212692548571429,0.0297450224285714,0.0520694254285714,0.102356159428571,0.0476277562857143
"2009-04-26",0.0377494434285714,0.0307065362857143,0.0488929047142857,0.057878489,0.033318363,0.0743314364285714
"2009-05-03",0.0275344774285714,0.0201659225714286,0.0323482681428571,0.0525093232857143,0.0424890511428571,0.0509087647142857
"2009-05-10",0.0369652665714286,0.0262655747142857,0.0597452868571429,0.0563868331428571,0.0264296817142857,0.0554427837142857
"2009-05-17",0.021125059,0.0163555432857143,0.0568348475714286,0.0658607585714286,0.0564106478571429,0.068878718
"2009-05-24",0.0297104998571429,0.0275174352857143,0.0335858585714286,0.0696989055714286,0.0194933598571429,0.0725511011428571
"2009-05-31",0.0278776948571429,0.029855084,0.0237195208571429,0.0302622197142857,0.00285714285714286,0.0435455152857143
"2009-06-07",0.0396836674285714,0.0274603988571429,0.0283452724285714,0.0442157748571429,0.129473159857143,0.0839273425714286
"2009-06-14",0.0397654795714286,0.0382263447142857,0.0763428075714286,0.0814812475714286,0.0990149465714286,0.0914248898571429
"2009-06-21",0.0324804315714286,0.0321178522857143,0.0656248158571429,0.0346227871428571,0.0790915375714286,0.033866634
"2009-06-28",0.0362760422857143,0.0245764512857143,0.0259051178571429,0.0405376061428571,0.0182032115714286,0.0406785135714286
"2009-07-05",0.0199250008571429,0.0281070808571429,0.0572631121428571,0.0211257455714286,0.0193440668571429,0.0218703541428571
"2009-07-12",0.0303511791428571,0.0314230884285714,0.060162889,0.0552676828571429,0.0574471627142857,0.0586076135714286
"2009-07-19",0.0307130257142857,0.0269768995714286,0.0219498624285714,0.0573607531428571,0.0511125485714286,0.0216046158571429
"2009-07-26",0.0321076034285714,0.0185956207142857,0.0175538607142857,0.0454609875714286,0.0200562982857143,0.032136888
"2009-08-02",0.020875484,0.0209400474285714,0.0501227435714286,0.0625226254285714,0.0304162625714286,0.025801645
"2009-08-09",0.0239617485714286,0.011944606,0.0308086225714286,0.0222479638571429,0.0226048752857143,0.0414995475714286
"2009-08-16",0.024887471,0.0206256661428571,0.040426361,0.0436912704285714,0.00714285714285714,0.0482093691428571
"2009-08-23",0.0331719892857143,0.0244214332857143,0.036491849,0.0795596617142857,0.0538461538571429,0.0363096965714286
"2009-08-30",0.0385280744285714,0.0277856558571429,0.0375579641428571,0.0544877638571429,0.0389477188571429,0.0471866065714286
"2009-09-06",0.0479325065714286,0.0370985114285714,0.043784167,0.055566195,0.0802811627142857,0.0564009927142857
"2009-09-13",0.0294457257142857,0.0298799234285714,0.0239571247142857,0.0411367525714286,0.0220062351428571,0.0619216442857143
"2009-09-20",0.0402361178571429,0.0399540242857143,0.03111544,0.0332757527142857,0.0308069951428571,0.0590730694285714
"2009-09-27",0.0339315727142857,0.035303151,0.00989498628571429,0.0197393187142857,0.0192949905714286,0.134380518142857
"2009-10-04",0.027018767,0.0309621121428571,0.0305144171428571,0.0305463388571429,0.0582812191428571,0.0345444484285714
"2009-10-11",0.0200080045714286,0.0321598545714286,0.0141156462857143,0.0126253132857143,0.018494898,0.0130767081428571
"2009-10-18",0.0269401774285714,0.027799617,0.0145148248571429,0.043237023,0.0283801325714286,0.0277565691428571
"2009-10-25",0.033270527,0.0329828401428571,0.00847463985714286,0.0956986961428571,0.012987013,0.0221461025714286
"2009-11-01",0.0227880964285714,0.0189632102857143,0.0438183235714286,0.0282811785714286,0.0174825174285714,0.0437744007142857
"2009-11-08",0.0356012632857143,0.029726511,0.0802076351428571,0.0813272272857143,0.0568914522857143,0.0729123915714286
"2009-11-15",0.0172588452857143,0.0186442185714286,0.035916496,0.0202517718571429,0.0364519945714286,0.0282586024285714
"2009-11-22",0.0328317594285714,0.0256346665714286,0.0554890334285714,0.0308521341428571,0.134952771857143,0.0511776647142857
"2009-11-29",0.0330264861428571,0.029441674,0.096898592,0.0561883728571429,0.0238095238571429,0.0661197262857143
"2009-12-06",0.0328767152857143,0.031875438,0.0198075347142857,0.0419634628571429,0.0394652305714286,0.0590880975714286
"2009-12-13",0.0315280375714286,0.0417148764285714,0.0485904527142857,0.0288407587142857,0.0417989418571429,0.0605011582857143
"2009-12-20",0.0262096885714286,0.0256640805714286,0.0419821311428571,0.0308770622857143,0.0370758274285714,0.0239406488571429
"2009-12-27",0.0170355368571429,0.0180797602857143,0.0427187825714286,0.0173006507142857,0.015037594,0.0421504177142857
"2010-01-03",0.0226516404285714,0.0161239454285714,0.0126984127142857,0,0.0238095238571429,0.0486397252857143
"2010-01-10",0.0317147282857143,0.0314206598571429,0.037015414,0.0288713415714286,0.023015873,0.0736729427142857
"2010-01-17",0.0250630828571429,0.0293432858571429,0.0265951587142857,0.0193460867142857,0.0287118895714286,0.0404263777142857
"2010-01-24",0.0372170612857143,0.0408260118571429,0.0226190475714286,0.0279601961428571,0.0215873015714286,0.0536108751428571
"2010-01-31",0.0475317325714286,0.0417659577142857,0.0616641548571429,0.085461218,0.057798392,0.0912167981428571
"2010-02-07",0.0425144551428571,0.0417980497142857,0.0598739932857143,0.055331919,0.0374478824285714,0.0473949447142857
"2010-02-14",0.0449169365714286,0.0312733841428571,0.058614874,0.0566747448571429,0.0591199178571429,0.0701144642857143
"2010-02-21",0.0337573674285714,0.0296460881428571,0.031688714,0.0305836488571429,0.0299433662857143,0.0439023128571429
"2010-02-28",0.0386022864285714,0.0354118284285714,0.0592570767142857,0.0542445432857143,0.0572954822857143,0.0843512617142857
"2010-03-07",0.0451243812857143,0.0258555688571429,0.0500550328571429,0.0674375028571429,0.0430711642857143,0.122221617428571
"2010-03-14",0.0312958792857143,0.0325634691428571,0.0294011942857143,0.0322681951428571,0.0200303728571429,0.0496392507142857
"2010-03-21",0.0359388345714286,0.0285411501428571,0.0642610688571429,0.106836770714286,0.132225887571429,0.063650775
"2010-03-28",0.0527782652857143,0.0268215127142857,0.101211486428571,0.187832542571429,0.201731601857143,0.073436277
"2010-04-04",0.0364609901428571,0.0315087058571429,0.0433523505714286,0.0419912277142857,0.079119803,0.0777773708571429
"2010-04-11",0.03385789,0.0417363314285714,0.0505668934285714,0.07468556,0.0630952381428571,0.0556772801428571
"2010-04-18",0.0317260967142857,0.0263606394285714,0.077284089,0.0864353148571429,0.0513431014285714,0.0489904188571429
"2010-04-25",0.0378254837142857,0.03737417,0.0601007732857143,0.143592856142857,0.0227094887142857,0.0823481814285714
"2010-05-02",0.0341063744285714,0.0234469051428571,0.066232765,0.143869298571429,0.0623562227142857,0.0690971431428571
"2010-05-09",0.0447180674285714,0.034772523,0.0879282637142857,0.118821691285714,0.169288203,0.16756964
"2010-05-16",0.0309045708571429,0.021836002,0.101388807142857,0.0868195484285714,0.139341822142857,0.125587714285714
"2010-05-23",0.0442880834285714,0.0274106587142857,0.0890105554285714,0.180777019714286,0.0565807195714286,0.0914758457142857
"2010-05-30",0.0432984415714286,0.0395787994285714,0.0466375157142857,0.0878325378571429,0.0958535408571429,0.103074870285714
"2010-06-06",0.0457443727142857,0.0508435705714286,0.0829169062857143,0.0597151838571429,0.0693422975714286,0.0947832595714286
"2010-06-13",0.0383382848571429,0.0358797997142857,0.0412793315714286,0.04731031,0.0521971595714286,0.0782016745714286
"2010-06-20",0.0363919091428571,0.0522877211428571,0.045396574,0.0697811965714286,0.0572850401428571,0.0728782781428571
"2010-06-27",0.0412933164285714,0.0407985127142857,0.0436471662857143,0.0621905721428571,0.0221267454285714,0.080342608
"2010-07-04",0.0364926577142857,0.0451710244285714,0.061078593,0.0675363194285714,0.0930404057142857,0.0632975195714286
"2010-07-11",0.0381699184285714,0.0340564741428571,0.0519501681428571,0.0731873017142857,0.0361210137142857,0.0601896815714286
"2010-07-18",0.0371559387142857,0.035213589,0.0387650328571429,0.0500041741428571,0.0584033612857143,0.0829683372857143
"2010-07-25",0.0547428352857143,0.0294666207142857,0.06288186,0.119194216285714,0.0997053072857143,0.0633743498571429
"2010-08-01",0.0343380131428571,0.0201470835714286,0.0649041524285714,0.0829512432857143,0.103294347428571,0.0861964925714286
"2010-08-08",0.0293850338571429,0.033579013,0.04591681,0.0644507518571429,0.0507869051428571,0.0729307654285714
"2010-08-15",0.0313623807142857,0.0218556414285714,0.0786616162857143,0.106548009,0.0425170068571429,0.0787355552857143
"2010-08-22",0.0409489318571429,0.030148659,0.0580361298571429,0.0524843214285714,0.0782563025714286,0.0685845355714286
"2010-08-29",0.0547012161428571,0.0340534951428571,0.0895474187142857,0.125974691428571,0.007518797,0.0907345427142857
"2010-09-05",0.0352343048571429,0.050837426,0.0458983557142857,0.0712384985714286,0.0365754558571429,0.0364032288571429
"2010-09-12",0.0419435024285714,0.0327066705714286,0.0914729792857143,0.106508233857143,0.100602296142857,0.0862542025714286
"2010-09-19",0.0455695411428571,0.0369744384285714,0.077551247,0.0875230584285714,0.0853852075714286,0.0649971024285714
"2010-09-26",0.0472324477142857,0.0393449222857143,0.0465492742857143,0.0531006402857143,0.049599231,0.0537446822857143
"2010-10-03",0.0403318245714286,0.0376861688571429,0.0252552658571429,0.0584306055714286,0.0756369242857143,0.0735457174285714
"2010-10-10",0.0322264684285714,0.045251518,0.0210540035714286,0.0407817781428571,0.0152497964285714,0.045873183
"2010-10-17",0.035878757,0.0410383288571429,0.0281385281428571,0.0505248394285714,0.048015873,0.0531288005714286
"2010-10-24",0.0410958217142857,0.0333315322857143,0.0622450925714286,0.081344031,0.0313283208571429,0.0781039101428571
"2010-10-31",0.0334103211428571,0.0262668344285714,0.0605106525714286,0.108715619428571,0.0744314914285714,0.0652533098571429
"2010-11-07",0.0357408402857143,0.0369601887142857,0.0412099595714286,0.0719951402857143,0.105732016285714,0.0595690851428571
"2010-11-14",0.0346597401428571,0.0324835098571429,0.076452088,0.0975942551428571,0.0986533074285714,0.0838594294285714
"2010-11-21",0.0453266418571429,0.0442606525714286,0.0644067797142857,0.100898251142857,0.0366233765714286,0.112553853285714
"2010-11-28",0.0449687204285714,0.0385754317142857,0.0903773137142857,0.154613546,0.103353814571429,0.0536004097142857
"2010-12-05",0.0399987291428571,0.0378274508571429,0.0672669261428571,0.0797267078571429,0.129279054285714,0.0572826612857143
"2010-12-12",0.0440160428571429,0.0359317848571429,0.0850588811428571,0.106602493,0.167255992285714,0.06133602
"2010-12-19",0.0413946891428571,0.0316747465714286,0.0600989398571429,0.078856919,0.109080714571429,0.0450853205714286
"2010-12-26",0.0360236674285714,0.0438331305714286,0.0185816937142857,0.0316414141428571,0.0678395497142857,0.0133420638571429
"2011-01-02",0.025046246,0.0381972132857143,0.0418282697142857,0.0229591837142857,0.0353741497142857,0.0422726277142857
"2011-01-09",0.0273142372857143,0.029996107,0.041601153,0.0213430228571429,0.0613582845714286,0.0366424791428571
"2011-01-16",0.0253898092857143,0.0406642814285714,0.0271149914285714,0.0424505854285714,0.0337817991428571,0.0285995532857143
"2011-01-23",0.031149472,0.0379145444285714,0.0625048511428571,0.0626344055714286,0.0534250062857143,0.0462741494285714
"2011-01-30",0.0265031485714286,0.033767147,0.0437504492857143,0.0372456,0.0342330481428571,0.0427931198571429
"2011-02-06",0.0283917511428571,0.031639938,0.0663686372857143,0.0644688748571429,0.0622275688571429,0.0642815075714286
"2011-02-13",0.0393514341428571,0.028284665,0.0693717982857143,0.0373889808571429,0.0603586312857143,0.106156941571429
"2011-02-20",0.0304189178571429,0.0403896237142857,0.0641284518571429,0.0805979985714286,0.094344661,0.0411407667142857
"2011-02-27",0.0363277312857143,0.0318691201428571,0.0736129902857143,0.0694380924285714,0.0838053225714286,0.0793816082857143
"2011-03-06",0.0350917415714286,0.0538428221428571,0.0667198648571429,0.0659445945714286,0.0146520147142857,0.0592438745714286
"2011-03-13",0.0406059178571429,0.0456805097142857,0.0563381558571429,0.0540243138571429,0.0605536285714286,0.0580412224285714
"2011-03-20",0.049759345,0.0457362171428571,0.0879790171428571,0.113512592428571,0.0374588874285714,0.103757065142857
"2011-03-27",0.0652266588571429,0.0550153454285714,0.123064495,0.157981479142857,0.110524376428571,0.109161440428571
"2011-04-03",0.0540317824285714,0.0431502641428571,0.0793684241428571,0.141542037857143,0.0873457751428571,0.0556577985714286
"2011-04-10",0.0414994754285714,0.0455188735714286,0.0447067415714286,0.0903747364285714,0.0386226535714286,0.0757230431428571
"2011-04-17",0.030048408,0.0514363077142857,0.0344680147142857,0.069656403,0.032686343,0.0595914922857143
"2011-04-24",0.039657169,0.0369906115714286,0.0595543465714286,0.0657835885714286,0.0737571951428571,0.0651989168571429
"2011-05-01",0.0348602447142857,0.0260220124285714,0.0280420701428571,0.105914206714286,0.054705006,0.0555423688571429
"2011-05-08",0.0297003504285714,0.0370919614285714,0.0364041494285714,0.0688190031428571,0.0817762944285714,0.0643601025714286
"2011-05-15",0.0305651038571429,0.0281774482857143,0.0696708941428571,0.117828986142857,0.0658471007142857,0.0613326101428571
"2011-05-22",0.039764676,0.036928187,0.072926731,0.101498751857143,0.0810738024285714,0.0813033231428571
"2011-05-29",0.0316443271428571,0.0396716321428571,0.0375570648571429,0.107818561,0.111125283428571,0.051244972
"2011-06-05",0.0324036451428571,0.0357244445714286,0.0329242922857143,0.0708656961428571,0.0593069625714286,0.0639647421428571
"2011-06-12",0.0405489921428571,0.0455341992857143,0.0638073411428571,0.101632448428571,0.0475207861428571,0.0514386932857143
"2011-06-19",0.0515406991428571,0.0471574914285714,0.116700853857143,0.145053370571429,0.0896352332857143,0.0569995025714286
"2011-06-26",0.0501148631428571,0.0518940891428571,0.0435943514285714,0.088063927,0.140514894571429,0.0426416428571429
"2011-07-03",0.0436372497142857,0.0473273392857143,0.0846468434285714,0.0966558615714286,0.0928862111428571,0.0599889528571429
"2011-07-10",0.0402945418571429,0.0309921225714286,0.0655309568571429,0.0814688714285714,0.104001416285714,0.0539169594285714
"2011-07-17",0.0527190212857143,0.0437019892857143,0.108407731,0.106648935428571,0.257064506142857,0.0422353557142857
"2011-07-24",0.0497035828571429,0.0394492892857143,0.0722375878571429,0.130702865,0.167261610714286,0.0565300637142857
"2011-07-31",0.0556244958571429,0.0350601721428571,0.0850607228571428,0.132800320714286,0.161011259857143,0.0721589641428571
"2011-08-07",0.057496563,0.0270962921428571,0.137996429714286,0.234218422857143,0.296506782571429,0.140567889571429
"2011-08-14",0.0480021078571429,0.0328150492857143,0.144440274428571,0.113055454571429,0.120586277714286,0.0939855885714286
"2011-08-21",0.0568319942857143,0.0419223624285714,0.167808777142857,0.147309459428571,0.140172960714286,0.091314905
"2011-08-28",0.0479429111428571,0.0400518234285714,0.0725501845714286,0.13519134,0.0997818592857143,0.0789663092857143
"2011-09-04",0.0416215022857143,0.031467433,0.0458708255714286,0.0508115161428571,0.0869870622857143,0.0624873507142857
"2011-09-11",0.0517123824285714,0.0488086434285714,0.114542834857143,0.108305829142857,0.175905937857143,0.0797017051428571
"2011-09-18",0.0550130234285714,0.0416154172857143,0.107673715428571,0.142306012142857,0.143417897857143,0.0465860775714286
"2011-09-25",0.0585524521428571,0.0646418428571429,0.0712578528571429,0.133452606571429,0.166778852714286,0.0514884058571429
"2011-10-02",0.0577551797142857,0.0376393694285714,0.0900568187142857,0.165941520571429,0.106281033857143,0.0987885435714286
"2011-10-09",0.0520016467142857,0.0456681727142857,0.101268263857143,0.155014811714286,0.173507445,0.0874758841428571
"2011-10-16",0.047037412,0.0403308147142857,0.0811803451428571,0.115663801857143,0.111335995714286,0.091758958
"2011-10-23",0.0591297215714286,0.0410052592857143,0.153041238,0.138413856285714,0.211031601142857,0.0864887132857143
"2011-10-30",0.0517108574285714,0.0386104724285714,0.149411808857143,0.167776625857143,0.221197618714286,0.0927781351428572
"2011-11-06",0.0592291765714286,0.0386023924285714,0.171004183142857,0.208301765714286,0.316001157428571,0.113773957285714
"2011-11-13",0.0553004284285714,0.0282393485714286,0.201831099142857,0.163625957,0.253985703142857,0.166330902
"2011-11-20",0.0500162614285714,0.04474737,0.145530431,0.132783520857143,0.172646149428571,0.0988344225714286
"2011-11-27",0.0547145857142857,0.0462042968571429,0.127652419142857,0.101573997428571,0.122024801571429,0.122046838285714
"2011-12-04",0.0553256995714286,0.0481544198571429,0.126951092714286,0.0961260324285714,0.144729464,0.0725084434285714
"2011-12-11",0.0576798895714286,0.0504281847142857,0.155127936142857,0.149138668,0.170683658,0.0808873061428571
"2011-12-18",0.0638192932857143,0.0521171231428571,0.0924651864285714,0.169378037,0.281020955142857,0.113124803
"2011-12-25",0.063570192,0.0540233421428571,0.128405648428571,0.176885674857143,0.326027046714286,0.192462843857143
"2012-01-01",0.0488737727142857,0.0388639577142857,0.0447131342857143,0.130133667571429,0.245657361285714,0.0365838652857143
"2012-01-08",0.0466742811428571,0.0392895165714286,0.072984711,0.103256388,0.153793384571429,0.0542355664285714
"2012-01-15",0.0409589108571429,0.0473697988571429,0.0883333365714286,0.0675234121428571,0.0883118635714286,0.0700527382857143
"2012-01-22",0.0470338084285714,0.0466149805714286,0.125780965571429,0.078409604,0.101449646,0.0817180465714286
"2012-01-29",0.0396918542857143,0.0398414701428571,0.0503596244285714,0.0743037085714286,0.0715137568571429,0.0769004262857143
"2012-02-05",0.0481492227142857,0.036733379,0.0765284337142857,0.0962117494285714,0.111366195571429,0.0942714822857143
"2012-02-12",0.0522295154285714,0.0433179315714286,0.0728223282857143,0.0868397171428571,0.137312289571429,0.0884190534285714
"2012-02-19",0.0436260615714286,0.045220334,0.0979650018571429,0.112147454,0.113916288142857,0.0675020242857143
"2012-02-26",0.0484633901428571,0.0601827271428571,0.125960563857143,0.0995474417142857,0.0981122074285714,0.0868347765714286
"2012-03-04",0.0438332581428571,0.06332465,0.0589403345714286,0.0813658964285714,0.0642782448571429,0.0836947684285714
"2012-03-11",0.0459608997142857,0.0650026064285714,0.0827861927142857,0.0984089571428571,0.098079216,0.068708341
"2012-03-18",0.0484988881428571,0.0638630098571429,0.0881644181428571,0.095694427,0.107686514571429,0.0659506221428571
"2012-03-25",0.0380866581428571,0.061846007,0.072712024,0.0720458715714286,0.047206225,0.0438592505714286
"2012-04-01",0.0376716245714286,0.0505383947142857,0.0548125898571429,0.0508384985714286,0.0780987927142857,0.047600214
"2012-04-08",0.031492163,0.0452778735714286,0.032149131,0.042760573,0.0738557358571429,0.0642821567142857
"2012-04-15",0.029218635,0.0462581592857143,0.0453099272857143,0.0428544902857143,0.0639374598571429,0.0380655087142857
"2012-04-22",0.0398995635714286,0.0509970077142857,0.0881457847142857,0.114409030428571,0.121008082428571,0.0359238238571429
"2012-04-29",0.0517813347142857,0.044682197,0.167264173,0.104678439,0.128398212428571,0.0763318318571429
"2012-05-06",0.0391780601428571,0.0458162762857143,0.100846661285714,0.107134881857143,0.140867459571429,0.0703244784285714
"2012-05-13",0.0695561548571429,0.0490033291428571,0.229260257857143,0.158986714571429,0.0812693404285714,0.0797866745714286
"2012-05-20",0.0717893205714286,0.0539417072857143,0.147321855428571,0.215343651142857,0.147729235571429,0.0943674572857143
"2012-05-27",0.0717154204285714,0.0527790554285714,0.274167182857143,0.183776027571429,0.172520895,0.122120458714286
"2012-06-03",0.0585886217142857,0.0594103027142857,0.100040986428571,0.172863034142857,0.155323534857143,0.0497237331428571
"2012-06-10",0.0550774797142857,0.065441042,0.0512648125714286,0.147091885571429,0.150398370571429,0.0993876712857143
"2012-06-17",0.0666498737142857,0.0606641917142857,0.0744288001428571,0.129196946428571,0.239445511428571,0.0993727412857143
"2012-06-24",0.0541134534285714,0.0429521001428571,0.055702845,0.106504558285714,0.104992646428571,0.0641341577142857
"2012-07-01",0.0541270682857143,0.0475452887142857,0.086278167,0.1249358,0.131454343,0.0619915311428571
"2012-07-08",0.0450527267142857,0.0522903907142857,0.0544973512857143,0.0505843361428571,0.0927900085714286,0.0730989698571429
"2012-07-15",0.0526044628571429,0.0503079124285714,0.0747941794285714,0.133443066714286,0.146241104142857,0.0708844958571429
"2012-07-22",0.0414082448571429,0.0456837014285714,0.0565580162857143,0.103206795142857,0.0741084395714286,0.0369094581428571
"2012-07-29",0.0466402697142857,0.0381739947142857,0.0782252544285714,0.0982623604285714,0.103430730285714,0.0498102752857143
"2012-08-05",0.0336811402857143,0.027730267,0.0239698838571429,0.0382491551428571,0.0544525078571429,0.0162757841428571
"2012-08-12",0.0372000512857143,0.0338948095714286,0.0300550382857143,0.085012001,0.098220328,0.0251551548571429
"2012-08-19",0.0425857812857143,0.0467584474285714,0.0849834527142857,0.0999619662857143,0.118068439571429,0.0403704947142857
"2012-08-26",0.0523158071428571,0.0469819185714286,0.112327190142857,0.192723274142857,0.131710832,0.0786339272857143
"2012-09-02",0.0531656008571429,0.05852729,0.106910792428571,0.102099557857143,0.196426122285714,0.0663306847142857
"2012-09-09",0.0457838554285714,0.0609545595714286,0.0439756182857143,0.076690634,0.0735574842857143,0.0587437101428571
"2012-09-16",0.0381844097142857,0.0426938582857143,0.0543781278571429,0.084358743,0.159395557142857,0.0779320618571429
"2012-09-23",0.0399301322857143,0.0465256457142857,0.0453570358571429,0.111745931285714,0.187125804428571,0.0812655712857143
"2012-09-30",0.0650545408571429,0.0526132841428571,0.0746271064285714,0.161033042285714,0.136606316857143,0.0613013207142857
"2012-10-07",0.0620722137142857,0.0465994738571429,0.0688518858571429,0.192684058142857,0.0979744291428571,0.0746236154285714
"2012-10-14",0.0668772642857143,0.0671397341428571,0.134845609714286,0.194908852142857,0.147898410285714,0.13763703
"2012-10-21",0.0612198218571429,0.0497641097142857,0.105018262857143,0.193266214,0.128953922714286,0.0898442412857143
"2012-10-28",0.060440643,0.0496723548571429,0.0971730234285714,0.136489333857143,0.121754596857143,0.0757112791428571
"2012-11-04",0.0671096785714286,0.0407004228571429,0.116140300285714,0.14367782,0.264838092714286,0.115576704
"2012-11-11",0.0765412738571429,0.0585165131428571,0.178413515428571,0.284653094714286,0.118264755285714,0.105269047714286
"2012-11-18",0.0835227122857143,0.0602759327142857,0.171261036571429,0.199989704,0.153487773428571,0.107460446142857
"2012-11-25",0.0519549021428571,0.0567494227142857,0.143138173428571,0.138157040285714,0.129061665142857,0.0406091572857143
"2012-12-02",0.0687985888571429,0.0546778144285714,0.130465882571429,0.167426491571429,0.183497973714286,0.0576216822857143
"2012-12-09",0.0599146878571429,0.0571921961428571,0.0574255791428571,0.086662047,0.220769318285714,0.0675379732857143
"2012-12-16",0.0692133858571429,0.0613831864285714,0.0830166138571429,0.164713002857143,0.375768842,0.059236947
"2012-12-23",0.0747643478571429,0.0589122301428571,0.0528352894285714,0.107447105285714,0.146447184857143,0.0749541895714286
"2012-12-30",0.0701270621428571,0.0482071398571429,0.0642356241428571,0.427911164428571,0.290136054428571,0.184271708714286
"2013-01-06",0.054389709,0.0557203491428571,0.0703947034285714,0.121356919,0.0684940642857143,0.0351853351428571
"2013-01-13",0.0352294368571429,0.0447507991428571,0.0463509964285714,0.0441945967142857,0.0606856462857143,0.034262563
"2013-01-20",0.0459475185714286,0.04919216,0.0579826878571429,0.100597441428571,0.0572606767142857,0.0682760688571429
"2013-01-27",0.0400034535714286,0.042205727,0.0523052698571429,0.0750611855714286,0.0487895158571429,0.0633368942857143
"2013-02-03",0.0358408155714286,0.0470842942857143,0.0362992945714286,0.0602985565714286,0.0419111192857143,0.0444985791428571
"2013-02-10",0.0503672432857143,0.0550001097142857,0.122681037285714,0.148813188,0.271937729714286,0.110166051285714
"2013-02-17",0.0472456844285714,0.059928221,0.118182663285714,0.119802503857143,0.346585118428571,0.0832817558571429
"2013-02-24",0.0466676535714286,0.0508154424285714,0.101916020714286,0.132135553,0.287915735857143,0.0960736857142857
"2013-03-03",0.0690353901428571,0.0517684918571429,0.0864643811428571,0.163895244142857,0.406226521857143,0.0651854642857143
"2013-03-10",0.0585344468571429,0.0443082168571429,0.055098473,0.165999246857143,0.31446081,0.0796916562857143
"2013-03-17",0.0472258285714286,0.0463406884285714,0.0754688691428572,0.0923706925714286,0.210902394571429,0.0901704142857143
"2013-03-24",0.0645083514285714,0.0504279892857143,0.0631434587142857,0.160205532142857,0.221803399428571,0.098981477
"2013-03-31",0.0473180098571429,0.0448734267142857,0.0927266937142857,0.0815097937142857,0.261264680285714,0.0564440951428571
"2013-04-07",0.0378093118571429,0.0428548097142857,0.0455504208571429,0.0664488998571429,0.312965251571429,0.109590985428571
"2013-04-14",0.0390453904285714,0.0547651882857143,0.0477011364285714,0.112344991,0.100343425142857,0.0589197882857143
"2013-04-21",0.0465436472857143,0.0422535405714286,0.0344195744285714,0.0989424034285714,0.198925641285714,0.0563265617142857
"2013-04-28",0.033771345,0.0430917588571429,0.0100325845714286,0.0634487651428571,0.211459066285714,0.029526585
"2013-05-05",0.0368000384285714,0.0463390177142857,0.0190018314285714,0.0782373235714286,0.104237546428571,0.0419841777142857
"2013-05-12",0.031919089,0.0451018108571429,0.0383320152857143,0.0420325722857143,0.0280570765714286,0.0282776197142857
"2013-05-19",0.0372929601428571,0.0381592935714286,0.031886062,0.0610934188571429,0.0666991072857143,0.040475676
"2013-05-26",0.0296830238571429,0.0608565954285714,0.0626441881428571,0.0976016212857143,0.064058957,0.0307112305714286
"2013-06-02",0.034739779,0.0378967011428571,0.038625728,0.0436953047142857,0.0671676627142857,0.0677377585714286
"2013-06-09",0.0360992634285714,0.039672165,0.0652175912857143,0.0657628515714286,0.0540795585714286,0.0577464037142857
"2013-06-16",0.0444964881428571,0.0388903122857143,0.0470700945714286,0.066600552,0.045770975,0.0438699741428571
"2013-06-23",0.0442663932857143,0.0409160018571429,0.0247592731428571,0.0836225304285714,0.0537829518571429,0.0456073977142857
"2013-06-30",0.0361716217142857,0.047586345,0.0155492992857143,0.0398558072857143,0.0438393847142857,0.0334451351428571
"2013-07-07",0.0335314592857143,0.0464105824285714,0.019825855,0.0303592314285714,0.0448135198571429,0.0584510522857143
"2013-07-14",0.039242793,0.0541655702857143,0.0485163702857143,0.032316861,0.130628061428571,0.072926389
"2013-07-21",0.0364671465714286,0.0501330192857143,0.0428214044285714,0.0331403868571429,0.04004329,0.0403458651428571
"2013-07-28",0.0310172061428571,0.0522331581428571,0.0576278104285714,0.0560961731428571,0.0543004144285714,0.061500178
"2013-08-04",0.0359603608571429,0.0470708917142857,0.0439574335714286,0.0812604787142857,0.125606454428571,0.038195238
"2013-08-11",0.0464190831428571,0.0362183617142857,0.0610347168571429,0.0675903118571429,0.0355018254285714,0.101087554142857
"2013-08-18",0.046565928,0.0379174468571429,0.0684833572857143,0.161300214714286,0.0335931472857143,0.0987802841428571
"2013-08-25",0.0509222031428571,0.0450168965714286,0.0681619401428571,0.127114897,0.0629488158571429,0.0581564855714286
"2013-09-01",0.0703901977142857,0.0467410998571429,0.137851489285714,0.174970862428571,0.121490248142857,0.179960141285714
"2013-09-08",0.0545035084285714,0.0492833555714286,0.0796103065714286,0.0464601678571429,0.0683114808571429,0.0784076935714286
"2013-09-15",0.049740227,0.039292062,0.032411707,0.0725232417142857,0.131119222428571,0.0659690781428571
"2013-09-22",0.043265978,0.0457495997142857,0.0871470308571429,0.09485135,0.0752913375714286,0.0576921655714286
"2013-09-29",0.0537396688571429,0.038384492,0.0588094122857143,0.134855298,0.127703645571429,0.0637101874285714
"2013-10-06",0.0636266508571429,0.0344592905714286,0.0476873088571429,0.0851664382857143,0.174059579,0.0770234625714286
"2013-10-13",0.054039528,0.0478398668571429,0.0473790671428571,0.0702651475714286,0.118783146714286,0.0597409661428571
"2013-10-20",0.0524005922857143,0.0358204715714286,0.0238933601428571,0.0947348244285714,0.03529968,0.0789100281428571
"2013-10-27",0.0336389095714286,0.0389607867142857,0.0705451412857143,0.0593150225714286,0.0384210448571429,0.0654749632857143
"2013-11-03",0.038586851,0.0379026552857143,0.050621142,0.058632395,0.0446265432857143,0.0687464127142857
"2013-11-10",0.037265626,0.0315431205714286,0.0515147912857143,0.0637000945714286,0.0478156414285714,0.0656132377142857
"2013-11-17",0.029625586,0.0353969115714286,0.0164587187142857,0.0450012841428571,0.0404874617142857,0.0428181087142857
"2013-11-24",0.0226991611428571,0.0293745575714286,0.0318237922857143,0.0411628055714286,0.0576926244285714,0.0450103617142857
"2013-12-01",0.0339094974285714,0.0459935152857143,0.0323478358571429,0.0611640447142857,0.067757155,0.0408894001428571
"2013-12-08",0.0273033322857143,0.0363374414285714,0.0557430618571429,0.0519314592857143,0.0406715422857143,0.0472550295714286
"2013-12-15",0.037285205,0.0411572134285714,0.108354898428571,0.092366515,0.057999204,0.0962072365714286
"2013-12-22",0.0405080492857143,0.0446743802857143,0.115868416714286,0.100879687857143,0.0753243954285714,0.043019897
"2013-12-29",0.0362724021428571,0.0277921877142857,0.030194534,0.174489796,0.128443043857143,0.0241874527142857
"2014-01-05",0.0254686944285714,0.0358593757142857,0.0543387647142857,0.0353536565714286,0.136237300714286,0.023502813
"2014-01-12",0.0342327812857143,0.0282249322857143,0.0778041285714286,0.0710270775714286,0.0428694151428571,0.0496471564285714
"2014-01-19",0.0222861491428571,0.026137668,0.0618892128571429,0.0361122055714286,0.0706632652857143,0.0189038762857143
"2014-01-26",0.0201607038571429,0.0329775198571429,0.0506249958571429,0.0313816912857143,0.0332450117142857,0.0359346708571429
"2014-02-02",0.0253412385714286,0.039543223,0.0387437582857143,0.033789997,0.0814117654285714,0.0388586282857143
"2014-02-09",0.032388214,0.0440745601428571,0.0342165114285714,0.0379580744285714,0.0506235828571429,0.0339007794285714
"2014-02-16",0.0275275222857143,0.0333820568571429,0.0378064268571429,0.0333347965714286,0.0552465018571429,0.0457020202857143
"2014-02-23",0.0246846368571429,0.0264031142857143,0.0358318424285714,0.04920619,0.0424290094285714,0.055758333
"2014-03-02",0.0322046287142857,0.0372867428571429,0.0447215038571429,0.0746076868571428,0.0322751322857143,0.0530744981428571
"2014-03-09",0.0307540928571429,0.0432469717142857,0.0503814744285714,0.0482568028571429,0.0628878637142857,0.0668482315714286
"2014-03-16",0.0424518025714286,0.0464454468571429,0.0524598728571429,0.0576468077142857,0.0533350811428571,0.104737721571429
"2014-03-23",0.0309071542857143,0.0442142134285714,0.0137706044285714,0.0385487221428571,0.0432036224285714,0.0408028374285714
"2014-03-30",0.0433979391428571,0.0482665314285714,0.0708500842857143,0.0680061092857143,0.112030618714286,0.157306525428571
"2014-04-06",0.0308188981428571,0.0460432584285714,0.0102723158571429,0.0143981392857143,0.0176079734285714,0.0297793152857143
"2014-04-13",0.0274301421428571,0.0433854675714286,0.0386963911428571,0.0224579345714286,0.0399618302857143,0.0630204195714286
"2014-04-20",0.0217547378571429,0.0364666485714286,0.0178916161428571,0.045411106,0.0376239224285714,0.0795567528571429
"2014-04-27",0.0227536238571429,0.031268297,0.0278078772857143,0.0402329351428571,0.0204968944285714,0.0650532302857143
"2014-05-04",0.0244133687142857,0.034001681,0.0562239771428571,0.0274190867142857,0.0468308734285714,0.0614800792857143
"2014-05-11",0.0274585952857143,0.0286919982857143,0.070771814,0.0561564742857143,0.0465798088571429,0.076012556
"2014-05-18",0.0234696098571429,0.0367125804285714,0.0332575898571429,0.0576659522857143,0.0176614334285714,0.0534494152857143
"2014-05-25",0.0341176302857143,0.0427349642857143,0.0552602808571429,0.0718649804285714,0.0392021542857143,0.060418051
"2014-06-01",0.0242168721428571,0.03564856,0.0430864154285714,0.0658695058571429,0.0647980295714286,0.0655943771428571
"2014-06-08",0.0215368411428571,0.0342820458571429,0.0250808547142857,0.0196606511428571,0.0110294117142857,0.0457731602857143
"2014-06-15",0.0187869012857143,0.0386630885714286,0.0275106587142857,0.017061271,0.013831741,0.0334185048571429
"2014-06-22",0.0178996471428571,0.0395311432857143,0.016685657,0.010839977,0.0163287774285714,0.0234014254285714
"2014-06-29",0.0220470172857143,0.0348184341428571,0.0394662268571429,0.0360505297142857,0.0143112701428571,0.0565225152857143
"2014-07-06",0.0183886712857143,0.0431745761428571,0.0213676025714286,0.0234602494285714,0.0404854011428571,0.028851731
"2014-07-13",0.0229601152857143,0.0379230788571429,0.0364786082857143,0.0252893875714286,0.053974408,0.0413289948571429
"2014-07-20",0.023222877,0.0358225124285714,0.0421448922857143,0.0496138902857143,0.0948630732857143,0.033938075
"2014-07-27",0.0227828985714286,0.044397043,0.0391038724285714,0.0697368498571429,0.0341332021428571,0.0348859787142857
"2014-08-03",0.0213896018571429,0.0330239152857143,0.0435372745714286,0.0415522278571429,0.074433625,0.0375260531428571
"2014-08-10",0.022244813,0.0403965182857143,0.0416028417142857,0.0367798665714286,0.0413937281428571,0.0662339561428571
"2014-08-17",0.0279060645714286,0.035887685,0.0667878045714286,0.108276765142857,0.128407976571429,0.060882908
"2014-08-24",0.0197449271428571,0.0349077094285714,0.0362298708571429,0.021043816,0.105093319285714,0.0418513617142857
"2014-08-31",0.0253647328571429,0.0280810292857143,0.0420005848571429,0.0471227298571429,0.0464808748571429,0.0488345818571429
"2014-09-07",0.0295776814285714,0.0402698778571429,0.0461354172857143,0.065494389,0.045920342,0.0767350737142857
"2014-09-14",0.040347761,0.0350070078571429,0.0887740457142857,0.111283778142857,0.062041289,0.173390575285714
"2014-09-21",0.0403226318571429,0.0449461271428571,0.060209039,0.0902242324285714,0.082198531,0.145481507142857
"2014-09-28",0.027281077,0.0392214231428571,0.0362175754285714,0.060610597,0.072893451,0.042439065
"2014-10-05",0.0290816072857143,0.0443076641428571,0.0277177065714286,0.0558871168571429,0.0419617295714286,0.0698166681428571
"2014-10-12",0.0258219044285714,0.04441145,0.0335931067142857,0.0647435694285714,0.0409787094285714,0.0417207055714286
"2014-10-19",0.031395704,0.0427431912857143,0.0993886247142857,0.113378966,0.114348190571429,0.0561365682857143
"2014-10-26",0.0295935381428571,0.0449470444285714,0.0901042997142857,0.0814027457142857,0.0390099737142857,0.0471388442857143
"2014-11-02",0.0250265131428571,0.0345085065714286,0.099224325,0.0881007011428571,0.0818013835714286,0.0410240552857143
"2014-11-09",0.0307058894285714,0.0363763934285714,0.0432320121428571,0.038935672,0.0454381505714286,0.0240295941428571
"2014-11-16",0.0259058147142857,0.0355884614285714,0.0584868827142857,0.0497321444285714,0.0287766605714286,0.051058743
"2014-11-23",0.0196675454285714,0.035747769,0.0476857108571429,0.0210571585714286,0.0398087582857143,0.0439518031428571
"2014-11-30",0.0215454464285714,0.035622372,0.051361135,0.0520978681428571,0.0111870111428571,0.0334837004285714
"2014-12-07",0.0203434358571429,0.0301230614285714,0.0228081031428571,0.0170848902857143,0.0353819578571429,0.0388687301428571
"2014-12-14",0.0313419241428571,0.0426542858571429,0.0579208504285714,0.0820832877142857,0.0724349138571429,0.046230626
"2014-12-21",0.0245759217142857,0.0356032835714286,0.03955493,0.0795414082857143,0.0438401948571429,0.066632345
"2014-12-28",0.0220897587142857,0.0312586408571429,0.0948903265714286,0.0603220862857143,0.0187110187142857,0.0493306755714286
"2015-01-04",0.0249191097142857,0.0184446718571429,0.0514891122857143,0.0677489177142857,0.106063294857143,0.06053207
"2015-01-11",0.0275372245714286,0.028566969,0.0527050924285714,0.096976217,0.191700680285714,0.072329963
"2015-01-18",0.0296132295714286,0.0308954545714286,0.0416486101428571,0.0514366235714286,0.0402247857142857,0.0667123962857143
"2015-01-25",0.0386880305714286,0.041407158,0.123768114285714,0.108181639428571,0.133785575428571,0.070813956
"2015-02-01",0.0287304168571429,0.0322678548571429,0.0281062221428571,0.0553483697142857,0.0639592981428571,0.0705561752857143
"2015-02-08",0.0244377987142857,0.0273764245714286,0.0971871212857143,0.102305468857143,0.0940898467142857,0.0456678407142857
"2015-02-15",0.0306063928571429,0.0216622827142857,0.0777325447142857,0.102075330285714,0.064082927,0.0574840687142857
"2015-02-22",0.0301024624285714,0.0301430221428571,0.0349339417142857,0.0988826695714286,0.0545930671428571,0.053297579
"2015-03-01",0.0231700825714286,0.0211095781428571,0.0139992944285714,0.0572854452857143,0.0208966565714286,0.0409873254285714
"2015-03-08",0.0268335612857143,0.0330640555714286,0.0112836438571429,0.0676662654285714,0.0414246078571429,0.0392973754285714
"2015-03-15",0.0253993565714286,0.0355077591428571,0.0217562962857143,0.0592019228571429,0.0556300841428571,0.0452030437142857
"2015-03-22",0.016598117,0.034697043,0.0258319354285714,0.0513481397142857,0.0299005841428571,0.0419959677142857
"2015-03-29",0.0149156885714286,0.0336158672857143,0.00762729342857143,0.0134197424285714,0.0327956061428571,0.0219850402857143
"2015-04-05",0.0231564658571429,0.0284349507142857,0.031762902,0.0477104752857143,0.0715605472857143,0.067004471
"2015-04-12",0.0290521041428571,0.0315246622857143,0.0266737422857143,0.038611091,0.0252587991428571,0.0598810638571429
"2015-04-19",0.0333219044285714,0.037361457,0.0483529911428571,0.0645971235714286,0.0313313012857143,0.0738913242857143
"2015-04-26",0.0373319854285714,0.0316332392857143,0.0452357625714286,0.0745088514285714,0.0348516217142857,0.0545666101428571
"2015-05-03",0.0407569064285714,0.0293552397142857,0.0492135668571429,0.0542363944285714,0.0486691815714286,0.0645533657142857
"2015-05-10",0.0401290168571429,0.0285098395714286,0.0688506981428571,0.0441472485714286,0.0521991777142857,0.137744883428571
"2015-05-17",0.0328201895714286,0.0216853498571429,0.0324093592857143,0.0727920482857143,0.0374401977142857,0.0467579352857143
"2015-05-24",0.0381983114285714,0.0343746044285714,0.049424098,0.0642602324285714,0.0147648051428571,0.0567937927142857
"2015-05-31",0.0358707445714286,0.033369889,0.0469888568571429,0.0570736358571429,0.0725860355714286,0.0518617024285714
"2015-06-07",0.0376519687142857,0.0327876558571429,0.0617960065714286,0.113225212714286,0.0650426837142857,0.0531384488571429
"2015-06-14",0.0322981364285714,0.029477292,0.0549609121428571,0.0412132498571429,0.028295514,0.0665392368571429
"2015-06-21",0.0360490922857143,0.0279428778571429,0.0517176852857143,0.0640748447142857,0.0328148895714286,0.0569011997142857
"2015-06-28",0.0373541758571429,0.0272231032857143,0.0597574817142857,0.074928094,0.067884802,0.0499494445714286
"2015-07-05",0.0485721982857143,0.0356955902857143,0.0655079684285714,0.101847537857143,0.121081322142857,0.0794545137142857
"2015-07-12",0.0437565358571429,0.0286049632857143,0.0757404944285714,0.0981454455714286,0.111352357428571,0.0723260398571429
"2015-07-19",0.032571244,0.0338564585714286,0.059700626,0.0673172491428571,0.102069449571429,0.0362098948571429
"2015-07-26",0.0261584301428571,0.0212420077142857,0.0249427591428571,0.0469985261428571,0.020657401,0.0361177467142857
"2015-08-02",0.0337021542857143,0.0211189161428571,0.206840483285714,0.0578380207142857,0.0552555168571429,0.0629766215714286
"2015-08-09",0.0250019405714286,0.0281725108571429,0.039050043,0.0128090144285714,0.00975010828571429,0.0407523307142857
"2015-08-16",0.029674971,0.0155970874285714,0.0516186574285714,0.127217022285714,0.054466231,0.0235877854285714
"2015-08-23",0.0281732514285714,0.0266303287142857,0.0479643872857143,0.0785491944285714,0.0985485102857143,0.0387478151428571
"2015-08-30",0.0294091167142857,0.0239999861428571,0.0293308342857143,0.0719559838571429,0.0621795595714286,0.0436200307142857
"2015-09-06",0.0363188422857143,0.026119846,0.040898402,0.0564089322857143,0.0353726345714286,0.0529143271428571
"2015-09-13",0.0377543468571429,0.034464725,0.0600703095714286,0.0871035772857143,0.0580298177142857,0.0807940325714286
"2015-09-20",0.0487305022857143,0.0343894484285714,0.0538107157142857,0.0646417515714286,0.0502532927142857,0.0677941591428571
"2015-09-27",0.0354305931428571,0.0335393741428571,0.0429805132857143,0.0502963905714286,0.0420430631428571,0.0479836008571429
"2015-10-04",0.0344528187142857,0.0304882668571429,0.0125453397142857,0.0393453578571429,0.0475840582857143,0.052177141
"2015-10-11",0.037307847,0.03644804,0.0480420947142857,0.0726406785714286,0.0481993972857143,0.0575626857142857
"2015-10-18",0.0324935354285714,0.0342932781428571,0.0255869157142857,0.0729156675714286,0.0262869664285714,0.0462679947142857
"2015-10-25",0.03019374,0.0315453014285714,0.0844872038571429,0.0428777571428571,0.00974025971428572,0.0415127654285714
"2015-11-01",0.0251398678571429,0.0255005487142857,0.057381073,0.0684273902857143,0.0623947547142857,0.0564592217142857
"2015-11-08",0.0240071425714286,0.0274648467142857,0.0450236344285714,0.0244990428571429,0.0195918367142857,0.0362097632857143
"2015-11-15",0.026306008,0.0264235584285714,0.0544060071428571,0.0767099092857143,0.0518913812857143,0.0388744682857143
"2015-11-22",0.0234692887142857,0.0323268138571429,0.0346520895714286,0.0541248951428571,0.0598011388571429,0.0279842858571429
"2015-11-29",0.0246919498571429,0.029987479,0.0382372345714286,0.0456978384285714,0.0517996288571429,0.081285308
"2015-12-06",0.0262032328571429,0.031751439,0.042759225,0.0336049012857143,0.0243818681428571,0.0429033915714286
"2015-12-13",0.0276355814285714,0.0370486664285714,0.0626571497142857,0.0370261107142857,0.321978022,0.045849763
"2015-12-20",0.031894092,0.0369234237142857,0.0432820617142857,0.048130973,0.0144889125714286,0.0283851154285714
"2015-12-27",0.0273511535714286,0.0268890574285714,0.0591618575714286,0.0714692985714286,0.0497517555714286,0.0603403545714286
"2016-01-03",0.0212584205714286,0.0273075011428571,0.0406851212857143,0.104220779285714,0.0885531135714286,0.023719315
"2016-01-10",0.0361779132857143,0.0376654082857143,0.0182224827142857,0.0390036798571429,0.0997703987142857,0.0492832574285714
"2016-01-17",0.0255564074285714,0.0370663477142857,0.0296764801428571,0.0401124762857143,0.0464773712857143,0.0723311137142857
"2016-01-24",0.0355483235714286,0.0368061347142857,0.0637549568571429,0.066878401,0.0683725977142857,0.0847993671428571
"2016-01-31",0.0302073907142857,0.0285748134285714,0.107460525142857,0.0632239895714286,0.122095561571429,0.0554600741428571
"2016-02-07",0.0264940634285714,0.0346284865714286,0.0491776725714286,0.0380689064285714,0.0629967148571429,0.045737181
"2016-02-14",0.0356578677142857,0.0354413248571429,0.062028543,0.0841194608571429,0.0272826801428571,0.0439607188571429
"2016-02-21",0.0285219104285714,0.0387492954285714,0.0720906167142857,0.102677615142857,0.056122449,0.0743258807142857
"2016-02-28",0.0400467625714286,0.0388225641428571,0.173812766571429,0.119962718285714,0.0898943914285714,0.193836574
"2016-03-06",0.0330379044285714,0.0349693662857143,0.0715695221428571,0.0464255795714286,0.0657719392857143,0.115232155142857
"2016-03-13",0.0405949752857143,0.0459801542857143,0.042633351,0.0338501608571429,0.0350518275714286,0.05382665
"2016-03-20",0.0255348721428571,0.0364590732857143,0.0426253565714286,0.0316658924285714,0.0343999138571429,0.0870779878571429
"2016-03-27",0.0263034231428571,0.032311448,0.0540605292857143,0.0990323632857143,0.0514411464285714,0.105267706428571
"2016-04-03",0.0214819148571429,0.0379700378571429,0.035047572,0.0473516768571429,0.0496176304285714,0.0687154384285714
"2016-04-10",0.0291255871428571,0.0310014867142857,0.077094229,0.0560370772857143,0.0736238617142857,0.0655293782857143
"2016-04-17",0.026826276,0.032239722,0.0190292132857143,0.0576691628571429,0.0466152551428571,0.119007282571429
"2016-04-24",0.023840787,0.0281883312857143,0.0376595084285714,0.0560612304285714,0.0379275072857143,0.110013534714286
"2016-05-01",0.0199477321428571,0.0200765995714286,0.0244576454285714,0.0469077915714286,0.03706137,0.0722664952857143
"2016-05-08",0.0195040705714286,0.0213317705714286,0.024543009,0.0437770517142857,0.0274053342857143,0.0948895864285714
"2016-05-15",0.0208795844285714,0.0262424471428571,0.0542740215714286,0.0549966568571429,0.0654429698571429,0.115879875142857
"2016-05-22",0.017663689,0.0349006754285714,0.0361176864285714,0.0409122567142857,0.0694306551428571,0.0731114791428571
"2016-05-29",0.0178047195714286,0.0329675251428571,0.0211748247142857,0.0607074698571429,0.0516074215714286,0.0777567437142857
"2016-06-05",0.0270663695714286,0.0314035484285714,0.0342695888571429,0.0782864052857143,0.0280191628571429,0.0975213858571429
"2016-06-12",0.0274307354285714,0.0279026175714286,0.0579549251428571,0.0992602321428571,0.0682288388571429,0.157225151428571
"2016-06-19",0.0306197651428571,0.0327057051428571,0.0347296637142857,0.0679068027142857,0.0692404442857143,0.169430165142857
"2016-06-26",0.0570138904285714,0.0337178225714286,0.158705099714286,0.191668888714286,0.150218828857143,0.192255051571429
"2016-07-03",0.0741794441428571,0.0314682377142857,0.192795678714286,0.232838450857143,0.234901382857143,0.343726109714286
"2016-07-10",0.069831432,0.0282137774285714,0.129487685571429,0.164857469857143,0.183332480714286,0.404390205428571
"2016-07-17",0.0455779831428571,0.0288864922857143,0.0694401134285714,0.195439856,0.143823924142857,0.239305819714286
"2016-07-24",0.0459116175714286,0.0317590111428571,0.143681126142857,0.123219711285714,0.655255102,0.267392538857143
"2016-07-31",0.0358024042857143,0.0328317112857143,0.172394805,0.0968132631428571,0.114323526714286,0.243051807571429
"2016-08-07",0.0286586301428571,0.0254631384285714,0.0561238247142857,0.0931096832857143,0.109743184857143,0.136883490142857
"2016-08-14",0.0210870285714286,0.0153098217142857,0.0311542982857143,0.0196589884285714,0.0449459387142857,0.0698646178571429
"2016-08-21",0.0210942677142857,0.0177834715714286,0.0281777385714286,0.0246380127142857,0.0532501345714286,0.0927135141428571
"2016-08-28",0.0256175071428571,0.0257278138571429,0.0525909097142857,0.0649003802857143,0.0280612244285714,0.164888427285714
"2016-09-04",0.0230702394285714,0.0257763665714286,0.062306833,0.0519389117142857,0.109066656571429,0.143434785857143
"2016-09-11",0.025932542,0.0331335717142857,0.039594934,0.0340381255714286,0.0682681664285714,0.124519320857143
"2016-09-18",0.0358180982857143,0.0300252674285714,0.130324318285714,0.099897703,0.0977343121428571,0.142575868
"2016-09-25",0.0345100257142857,0.0291678555714286,0.0611694238571429,0.117600623714286,0.0939153438571429,0.149734253571429
"2016-10-02",0.0304195954285714,0.032162808,0.0638794358571429,0.0773957398571429,0.0869798368571429,0.122284371857143
"2016-10-09",0.0352958717142857,0.0440502922857143,0.051837226,0.0734832567142857,0.105905998714286,0.191995235
"2016-10-16",0.0315199507142857,0.0307192644285714,0.0469742062857143,0.0770065558571429,0.0239061141428571,0.129899077285714
"2016-10-23",0.0287564745714286,0.0314329144285714,0.0578436067142857,0.0604010024285714,0.143185479285714,0.115603831857143
