"","Germany Bank Lending Rate","Germany Bankruptcies","Germany Banks Balance Sheet","Germany Building Permits for New Dwellings","Germany Ifo Business Climate Index","Germany Capital Flows","Germany Car Production","Germany New Car Registrations","Germany Central Bank Balance Sheet","Germany Construction Output","Germany GfK Consumer Climate","Germany Consumer Credit","Germany Core Consumer Prices","Germany CPI Housing","Germany CPI Transportation","Germany Crude Oil Production","Germany Current Account","Germany Employed Persons","Germany Export Prices","Germany Exports","Germany Factory Orders","Germany Food Inflation","Germany Foreign Direct Investment","Germany Foreign Exchange Reserves","Germany Gasoline Prices","Germany House Price Index","Germany Import Prices","Germany Imports","Germany Three Month Interbank Rate (Fibor)","Germany Job Vacancies","Germany Manufacturing Production","Germany Mining Production","Germany Money Supply M1","Germany Money Supply M2","Germany Money Supply M3","Germany New Orders","Germany Private Sector Credit","Germany Producer Prices","Germany Steel Production","Germany Youth Unemployment Rate","Germany Zew Economic Sentiment Index","BS.CSMCI","BS.FS.NY","BS.GES.NY","BS.MP.NY","BS.PT.NY","BS.SFSH","BS.SV.NY","BS.UE.NY","BS.ICI","BS.IEME","BS.IPE","BS.ISFP","BS.ISPE","BS.CCI.BAL","BS.CEME.BAL","BS.CPE.BAL","BS.RCI","BS.REBS","BS.REM","BS.ROP","BS.CCI.BAL","BS.CSMCI.BAL","BS.ESI.I","BS.ICI.BAL","BS.RCI.BAL","BS.SCI.BAL","BS.PE3M","BS.SAEM","BS.SCI","BS.SEEM","CA","CKA","D1","D4O","D4P__D__F","D4P__F","D4P__O__F","D4P__P__F","G","GS","IN1","IN2","S"
"mlagf",-1,-4,-1,-2,-1,-2,-1,-1,-1,-1,0,-2,-1,-1,-1,-6,-2,-2,-2,-1,-1,-1,-1,-1,-1,-2,-2,-1,0,-1,-2,-2,-2,-2,-2,-2,-2,-1,-1,-1,-1,0,0,0,0,0,0,0,0,0,0,0,0,0,0,0,0,0,0,0,0,0,0,0,0,0,0,0,0,0,0,0,0,0,0,0,0,0,0,0,0,0,0,0
"mdayf",7,7,7,15,5,7,10,5,7,7,5,10,15,15,15,10,5,5,15,15,25,15,15,15,5,10,15,15,3,5,5,10,10,10,10,10,10,15,20,20,5,25,25,25,25,25,25,25,25,25,25,25,25,25,25,25,25,25,25,25,25,25,25,25,25,25,25,25,25,25,25,25,25,25,25,25,25,25,25,25,25,25,25,25
"mtransff",2,5,6,3,2,1,2,3,6,2,2,3,6,6,6,2,3,3,6,3,1,2,1,6,3,2,6,3,2,2,1,1,6,6,6,5,5,6,3,5,2,2,2,2,2,2,2,2,2,2,2,2,2,2,2,2,2,2,2,2,2,2,2,2,2,2,2,2,2,2,2,2,2,2,2,2,2,2,2,2,2,2,2,2
"2007-01-31",5.61,2204,7226573,11745,113,-2381.69,493900,199686,365.5,34.5,8.6,228417,95.7,94.5,92.8,72,13070.6,39980,96.9,77076.9,1.2,3,10484.34,87385,1.55,99.21,96,60899.76,3.75,373.5,8.2,13.2,759.1,1561.5,1682.7,107.1,2470324,96.8,4318,12.5,-3.6,-0.1,-5.2,-0.4,-28,42.2,24.1,1.3,-3.8,9.6,1.5,13.8,0.1,15.1,-16.4,-3.3,5.6,-3.2,-4.3,0.2,-11.9,-16.4,-0.1,107.9,9.6,-3.2,17.6,13.2,19.6,17.6,12.5,13071,12973,150,-288,2173,3150,1325,-348,16234,13172,3012,-3113,-3062
"2007-02-28",5.72,2249,7264554,11273,111.4,20294.3,485100,183258,365.5,30.4,4.8,225189,96.2,94.7,93.2,68,10117.06,40054,97.1,77301.68,3,2.43,-556.04,87962,1.55,99.01,96.3,63349.69,3.82,408.7,8.2,28.4,758.3,1564.3,1686,110.3,2462964,96.8,3826,12.3,2.9,1.7,-4.1,4.2,-26.5,30.3,23.3,1.9,-4.7,8.5,1.4,10.7,0.1,11.5,-21.6,-7.2,5,-6.4,-3.4,2.6,-8,-21.6,1.7,107,8.5,-6.4,14.9,10.8,15.9,14.9,15.3,10116,10112,139,-36,2025,4278,1422,831,14587,12159,4381,-6424,-2428
"2007-03-31",5.73,2580,7320553,13166,112.3,18716.4,567300,334592,371.4,27.8,4.4,225189,96.3,94.8,94.3,66,19312.16,40099,97.2,83508.92,0,2.55,10603.92,86120,1.55,99.48,96.7,65398.98,3.89,428.9,9.3,46.6,762,1574.8,1704.1,110.3,2471473,96.8,4175,12.1,5.8,3,-1.4,6.7,-27.8,24.8,23.9,0.9,-5.7,9.8,5.7,13.6,-0.2,12,-23.2,-8.2,1.8,-3.5,-0.2,3.7,-5.2,-23.2,3,108.7,9.8,-3.5,18.2,11,21.1,18.2,15.4,19272,19107,158,-223,2323,4903,1485,1096,19143,16852,4838,-2418,-2291
"2007-04-30",5.89,2224,7389097,13634,112.3,18887.1,451100,264871,370.9,0.9,4.5,225189,96.6,95,95.3,73,12193.6,40183,97.5,78449.83,-1.2,3.42,-481.57,86731,1.55,99.5,97.4,63631.69,3.98,439.2,6,29.4,759.7,1579.6,1704.5,109,2496048,96.9,4085,11.9,16.5,7.2,-0.1,10.1,-25,22.2,26.2,4.6,-14.4,10,2.7,15,1.3,10.7,-26.4,-12.8,0,-1.5,4.7,8.2,-3.9,-26.4,7.2,110.2,10,-1.5,20.3,12.2,18.4,20.3,13,12195,12284,-55,-298,2339,782,1404,-2960,15567,13406,429,-1640,-2161
"2007-05-31",5.93,2507,7420090,14573,112.7,19498.1,496300,293484,377.2,-1.1,5.7,225385,96.5,95,95.7,67,9480.7,40224,97.6,78567.28,3.2,2.3,1975.59,86364,1.55,99.75,97.5,61678.42,4.07,445.1,6.3,30.5,768,1593.9,1719.5,112.5,2473994,97.3,4045,11.7,24,10.2,0.6,14.7,-23.7,21.1,24.9,6.7,-18.6,9.5,4.9,15.4,1.9,10.8,-26.2,-11.9,2.1,-1.7,0.9,4.7,2.7,-26.2,10.2,110.8,9.5,-1.7,20.3,11.1,20.8,20.3,14.2,9481,9770,-52,-343,1993,-4361,1453,-7807,17288,14704,-4756,-467,-2584
"2007-06-30",6.09,2448,7409705,13741,111,16914,511900,301108,373.5,-1.5,7.4,225385,96.5,95.1,95.8,65,16464.49,40248,97.7,81494.54,3.6,2.74,9402.13,84846,1.55,99.21,97.8,65018.35,4.15,453.8,6.6,30.2,777.8,1613.8,1745.5,116.5,2452586,97.4,4099,11.6,20.3,9.2,1,14.1,-24.7,19.1,25,4.4,-17.2,10.8,5.2,18,0.5,14.7,-26.9,-11.3,-0.6,-3.5,2.1,3.3,-2.9,-26.9,9.2,110.8,10.8,-3.5,19.4,11.7,22.5,19.4,17.2,16464,16308,-44,-358,2134,3794,1501,159,17419,14850,3392,-1778,-2569
"2007-07-31",6.08,2361,7399095,14905,111.1,-2361.68,462000,258639,382.1,-2.4,8.4,225385,97.1,95.4,96.3,66,12999.41,40289,97.8,81090.89,-4.5,3.08,-260.36,85125,1.55,98.88,98,63310.87,4.22,455.5,6,24.4,780.4,1628.7,1763.8,111.3,2454590,97.4,3993,11.6,10.4,9,0.5,14.2,-24.6,16.7,24.5,4.3,-17.1,9.3,6.7,15.6,1.7,13.1,-25.2,-10,-3.1,-1.8,-1.8,3.9,-3.3,-25.2,9,110,9.3,-1.8,19,11.8,22.2,19,13.5,13000,13275,-183,-276,1981,3234,1541,-289,17695,12975,2775,-2750,-4720
"2007-08-31",6.26,2447,7447444,13935,110.5,4993.1,345000,239381,369.6,-1.9,8.3,225537,97,95.5,95.6,65,8806.41,40326,97.7,77401.95,0.5,3.19,1525.41,85469,1.55,97.93,97.5,63219.2,4.54,450,5.4,25.9,773,1646.6,1775.6,111.9,2457065,97.4,3970,11.5,-6.9,4.4,-1.3,9.8,-24.3,35.9,23.6,4.3,-4.8,8.2,4.9,11.8,2.1,15.2,-24.6,-9.9,-8.6,-5.1,-1.1,1.4,-2,-24.6,4.4,109.2,8.2,-5.1,22.7,15.3,20.7,22.7,16.9,8806,8777,-199,-318,1756,3554,1532,267,14729,8529,3037,-2760,-6200
"2007-09-30",6.42,2285,7532559,13874,109.9,15796.5,507800,265473,394,-1.8,7.3,225537,97,95.7,96,65,15759.57,40347,97.7,81478.83,0,3.17,8950.33,88592,1.55,97.29,97.8,63261.07,4.74,435.2,6.5,33.2,785.5,1662.8,1789.4,111.9,2465051,97.4,4064,11.5,-18.1,2.3,-2.2,6.1,-26.3,33.9,24.5,3.5,-1.7,6.5,4.2,11.8,3.2,11.9,-24.6,-9.9,-12.5,-11.5,-10.5,-6.1,-10.7,-24.6,2.3,106.4,6.5,-11.5,17,12,14.9,17,11.7,15761,15711,-192,-364,1737,3829,1533,560,18969,15149,3273,-2661,-3820
"2007-10-31",6.43,2732,7533623,13689,109.9,24572.6,502600,281845,394.6,-1.3,6.4,225537,97,95.9,95.9,64,15629.97,40429,97.7,88483.43,4.5,5.83,4953.44,90168,1.55,96.57,98.6,69632.58,4.69,419,6.9,30.3,774.2,1667.8,1791.4,116.9,2458631,98,4199,11.4,-18.1,2.9,-2.7,7.1,-22.5,31.5,23.5,0.3,-7.1,4.5,1.6,8.3,4,12.1,-23.7,-6.6,-12.7,-9.5,-4.6,-1.7,-13.8,-23.7,2.9,105.7,4.5,-9.5,17.7,11.8,22.1,17.7,12.9,15630,15391,47,-372,1798,3954,1565,590,18841,15070,3629,-3069,-3771
"2007-11-30",6.4,2715,7585935,12766,109.6,28576.5,552800,283921,410.3,-5.8,4.7,223675,97.1,96.3,97.9,63,18481.58,40462,97.7,87384.07,1.8,6.79,-5488.27,89233,1.55,96.38,99.1,67961.49,4.64,395.9,4.5,31.1,804.9,1687.8,1820.2,119,2458306,98.7,4027,11.3,-32.5,1.9,-2.2,4.1,-27.3,30.2,23.8,1.5,-4.1,4.8,4.7,12,5,11.8,-22.5,-7.5,-11.3,-7.5,1.6,0.1,-3,-22.5,1.9,104.5,4.8,-7.5,11.2,13.9,12.2,11.2,13.7,18483,18256,30,-375,1350,3758,1602,807,20432,18294,3413,-3224,-2138
"2007-12-31",6.55,2408,7625737,13668,108.3,18067.3,360600,241905,483.7,-5.3,4.4,223675,97.9,96.3,96.7,62,17320.2,40477,97.6,72997.25,-0.9,6.98,-2768.5,92545,1.55,96.26,99,62525.36,4.85,367.8,4.7,38.2,789.7,1708.1,1837.8,117.9,2470135,98.6,3750,11.2,-37.2,1.4,-1.9,0.8,-25.6,26.8,24.9,4.8,-2.1,4.7,6.6,12.8,5.9,12.8,-22.6,-7.1,-12.1,-14.5,-9.5,-6.9,-7.5,-22.6,1.4,103.9,4.7,-14.5,10.2,17.4,11.2,10.2,9,17320,16036,62,4433,1640,4569,1736,1193,11084,11797,9064,-3541,713
"2008-01-31",6.31,2454,7628615,11100,108.9,6247.8,475197,220742,415.5,7.3,4.5,223675,97.1,97,97.3,60,13352.44,40642,98.3,83324.16,-2.4,7.23,-2234.55,99028,1.56,96.55,99.9,66261.32,4.48,350.9,6,7.2,792.9,1726.4,1871.4,115.1,2498813,99.4,4115,11,-41.6,-0.8,-3.9,-1.8,-25.8,31.3,23,0.3,-2.2,2.8,2.7,10.1,6.8,14.5,-21.6,-7,-11.1,-10.5,-1.7,-5.3,-4.4,-21.6,-0.8,102.9,2.8,-10.5,12,15.6,16.1,12,9.6,13352,13899,156,-384,1237,1889,1709,-1057,17396,14982,1661,-3291,-2414
"2008-02-29",6.27,2378,7650381,12356,108,22959.7,531397,228623,432.2,8.5,4.5,221555,97.6,97.3,97.2,60,13814.57,40692,98.7,83516.17,0.3,7.44,-2460.54,100879,1.56,96.46,100.9,66412.81,4.36,375.8,5.4,-0.7,788.4,1747.2,1889.1,115.4,2490728,99.9,3767,10.9,-39.5,-3.6,-3.4,-6,-26.7,32.2,23.5,-1.8,3.2,3.2,1.7,9.5,5.2,11.6,-22.9,-8.9,-11.8,-6.4,-2.7,-3.5,-9.6,-22.9,-3.6,102.5,3.2,-6.4,11.6,13.3,11.6,11.6,12.9,13814,13999,183,-93,808,3109,1716,586,17117,15455,3199,-4840,-1662
"2008-03-31",6.24,2315,7695985,11930,108.5,24686.1,492336,286549,453.4,-2,4.6,221555,97.9,97.6,98.6,60,15267.52,40720,98.7,82754.98,-1.7,8.22,6534.22,95103,1.56,97.02,101.2,65987.2,4.6,392.1,4.4,-9,796.6,1752.9,1894.4,113.4,2506744,100.5,4184,10.7,-32,-2.8,-4.1,-4.2,-27.3,34.7,23.5,0.9,3.6,5.1,1.6,10.1,4.1,12.2,-24.5,-12.1,-9.9,-4.1,-2.3,-0.3,1.2,-24.5,-2.8,104,5.1,-4.1,13.1,12.3,12.7,13.1,9,15267,14838,176,-376,795,3322,1688,838,17600,15008,3122,-2863,-2592
"2008-04-30",6.26,2781,7781975,14197,106.3,8272.09,579869,317960,439.6,-2,4.6,221555,97.4,98,98.7,60,13511.37,40733,98.9,88750.61,0.6,7.15,7301.6,92633,1.56,97.5,102,69715.59,4.78,394.7,5.6,-7.8,783.4,1763.4,1912.4,114.1,2545150,101.5,4011,10.5,-40.7,0.7,-3.3,-4.5,-26.9,33.8,24.6,2.9,-7.7,2.2,1,8.7,5.3,13.1,-28.5,-16.8,-11.1,-11.7,-2.1,-5.1,-11.8,-28.5,0.7,103,2.2,-11.7,12,13.9,13.5,12,12.2,13511,13284,-40,-490,871,-2056,1830,-4757,19749,17592,-2586,-1495,-2157
"2008-05-31",6.26,2317,7785844,12756,106.4,17272.1,444537,275259,439.2,-0.9,5,222638,97.7,98.6,100.2,60,7337.74,40745,99.5,79732.9,-2.5,7.61,-196.66,92387,1.56,97.9,104.1,65361.97,4.86,397.7,1.7,-8.8,788.1,1782.4,1925.8,111.2,2533966,102.4,4154,10.3,-41.4,-2.7,-5.9,-9.2,-29.6,36.1,22.3,-2,-6.3,3.1,1.4,8.6,4.9,12.7,-25.1,-11.2,-9.4,-11.9,-10.5,-1.2,-12.7,-25.1,-2.7,102.7,3.1,-11.9,14.2,15.2,10.1,14.2,9.1,7338,7689,-9,-323,510,-4115,1829,-6455,14849,11855,-4447,-70,-2994
"2008-06-30",6.34,2405,7745110,14438,105.1,13022.1,516609,304036,447.2,-0.2,4.3,222638,97.8,99,101.2,60,17039.09,40785,99.9,87364.21,-3.5,7.26,2356.68,95220,1.56,98.28,105.5,67603.34,4.94,417.5,2.8,-15.8,796.3,1784,1931.6,107.3,2517522,103.4,4184,10.2,-52.4,-2.6,-6.1,-9.9,-32.6,41.7,23.8,0.4,-5.2,-0.8,-2.6,2.5,5.6,15.8,-23.3,-10.2,-6.2,-12.2,-9.7,2.8,-7,-23.3,-2.6,101.3,-0.8,-12.2,13.6,18,13.4,13.6,10.6,17040,17009,-41,-288,853,2273,1746,-326,20524,17685,1944,-2589,-2839
"2008-07-31",6.36,2760,7732076,14481,100.3,-2622.93,434801,262534,435.9,-2.9,3.4,222638,98.2,99.3,102,60,9280.3,40840,100.4,86066.98,-0.7,7.36,-5313.2,93722,1.56,98.75,106.2,71928.32,4.96,422.2,0.3,-13,773.9,1802.6,1950,106.6,2525163,105.4,3784,10.1,-63.9,-6.6,-8.6,-16,-31.8,40.2,22.8,-1.1,0.8,-3,-4.6,0.1,6.6,18.1,-23,-10.9,-4.9,-22.7,-30.7,-5.7,-19.2,-23,-6.6,97.6,-3,-22.7,7.9,18.8,6.4,7.9,7.1,9280,8952,-144,-318,853,2460,1720,-113,14549,9881,1998,-2599,-4668
"2008-08-31",6.35,2333,7802418,12143,98.9,-1225.97,340288,214386,449,0.7,1.8,222833,98.3,99.1,100.1,60,5264.4,40834,100.3,74859.41,2,6.93,-190.07,93048,1.56,99.28,105.5,64046.6,4.97,416.8,2.2,-10.1,776.2,1811,1954.9,108.7,2553696,104.8,3985,10,-55.5,-10.2,-7,-18.9,-32.9,28,21.7,0,14.9,-6.3,-9.7,-5.6,9.5,16.5,-27.1,-13.8,-8.9,-18,-18,-9.2,-15.4,-27.1,-10.2,95,-6.3,-18,5.4,13.7,6.5,5.4,7.5,5265,5176,-167,-301,803,3006,1688,514,10967,5701,2538,-2974,-5266
"2008-09-30",6.46,2479,7953837,12622,97.2,7771.82,535893,261384,519.7,-1.4,1.5,222833,98.2,99.4,100.3,60,12697.19,40887,100.2,86270.14,-6.7,6.04,13469.01,99936,1.56,99.06,104.7,70996.78,5.02,409.1,-1.2,-18.6,793.1,1822.2,1966.3,101.4,2567522,105.1,4050,10.1,-41.1,-9.1,-6.1,-16.7,-30,23.4,22.3,-1.1,12.5,-9.9,-12.3,-8.6,10.6,11.4,-27.9,-14,-13.5,-27.1,-23.8,-12.6,-17.2,-27.9,-9.1,91.9,-9.9,-27.1,-0.7,13,2.8,-0.7,5.2,12695,12486,-154,-358,949,3510,1637,925,16345,12112,2998,-2415,-4233
"2008-10-31",6.46,2457,8093228,13056,93.8,9889.18,448565,258814,591.6,-2.4,1.7,222833,98.3,99.6,98.1,60,13023.65,40931,99.5,88702.24,-6.5,4.26,438.18,97415,1.56,98.94,101.4,72036.44,5.11,392.7,-3.4,-15.7,823.6,1872.2,2016.4,94.8,2563408,105.1,3881,10.1,-63,-12.1,-6.1,-26.3,-31.1,26.7,22.6,0.3,16.2,-18.3,-15.7,-20.3,15.5,6.7,-25.2,-11.6,-19.6,-27.9,-34.5,-8.8,-25.3,-25.2,-12.1,87.2,-18.3,-27.9,-3.3,7.2,-8,-3.3,1.7,13023,12818,78,-360,1063,3129,1500,565,17123,13974,2847,-3798,-3149
"2008-11-30",5.95,2375,8049617,10835,88.4,8323,452590,233772,577.1,-0.3,1.9,224046,98.3,99.4,95.6,60,8552.96,40930,98.7,76085.06,-7.3,2.05,4696.8,104612,1.56,98.76,98.5,66117.71,4.24,367.1,-7.2,-19.1,832.8,1865.9,2022.8,87.9,2567658,103.4,3272,10.3,-53.5,-16.3,-4.2,-28.4,-29.3,13.5,22.6,-1.5,31.1,-28.7,-25,-34.7,20.7,-1.3,-27,-13,-22.1,-31.5,-33.5,-12.5,-31.6,-27,-16.3,80.7,-28.7,-31.5,-7.8,2.7,-8.5,-7.8,-6.3,8554,8450,59,-374,915,3447,1370,1162,9541,8755,3132,-3333,-786
"2008-12-31",5.25,2237,7956390,11727,85,5848.11,279948,225981,612.9,-1.5,2.1,224046,99.2,98.8,94,60,14176.41,40934,97.6,66712.94,-6.7,1.83,-4049.68,99185,1.56,98.43,94.9,59374.39,3.29,327.4,-11.7,-22.4,832.8,1856.2,2017.8,82,2595241,102.6,2446,10.4,-45.2,-23.4,-5.1,-41.4,-30.5,11.4,23.4,0.8,48.1,-35.8,-31.6,-40.7,25.2,-6.9,-28,-16,-26.5,-30.6,-33.5,-17.4,-34.8,-28,-23.4,74.7,-35.8,-30.6,-16.3,-1.7,-9.7,-16.3,-9.7,14176,13820,118,5007,957,3332,1252,1124,8760,9913,8457,-4194,1153
"2009-01-31",4.55,2444,7970371,9738,85.1,-28680,310113,189385,560.5,-24.2,2.2,224046,98.3,99.4,94.6,55,5238.57,40967,97.4,63558.79,-7.7,1.11,1351.32,109963,1.56,97.64,94.3,56154.31,2.46,301.5,-20.2,-5.3,891.8,1894.8,2045.6,75.7,2614294,101.4,2663,10.6,-31,-27.5,-7.9,-46.1,-27.3,16.5,22.3,-1.9,54.3,-37.7,-31.5,-40.8,24.6,-11.1,-30.2,-18.5,-30.9,-28.4,-39,-16.2,-31.6,-30.2,-27.5,73,-37.7,-28.4,-17.2,-2.8,-15.6,-17.2,-11.4,5238,4141,193,-357,3108,3830,899,-178,7353,5111,3666,-3539,-2242
"2009-02-28",4.15,2394,7910878,9760,84.5,6312.15,297921,277740,547.5,-20.2,2.3,224186,99,99.4,95.3,55,9121.35,40983,97.4,63788.75,-2.9,0.9,7626.04,113507,1.56,97.06,94.1,55018.26,1.94,317.5,-22.6,0.7,909.1,1899.5,2053.3,73.5,2610936,100.8,2545,10.8,-5.8,-29.9,-7.2,-46.5,-30.5,11,23.5,-2.3,63.7,-41.8,-33.2,-41,29.1,-11.5,-27.8,-18.4,-23.6,-21.9,-33.8,-16.3,-26.6,-27.8,-29.9,71.2,-41.8,-21.9,-18.3,-6.9,-11.7,-18.3,-14,9120,8985,230,-311,2841,5009,765,1404,8782,8142,4928,-3950,-640
"2009-03-31",3.83,2874,7840267,12352,83.6,24839.3,435693,400965,539.7,2.2,2.5,224186,99,99.3,95,55,13217.77,40943,97,70163.99,3.9,-0.1,1765.99,107809,1.56,96.33,93.6,58763.14,1.64,317.1,-21.6,-6.4,906.4,1883.8,2035.5,76.4,2624920,100.1,2067,11,-3.5,-32.8,-7.5,-52.1,-29.5,11.9,24.4,0.3,71.9,-42.5,-39.5,-39.2,29,-13.5,-28,-19.5,-24.8,-25.9,-41.7,-18.2,-30.5,-28,-32.8,70.4,-42.5,-25.9,-19.1,-5.1,-10.3,-19.1,-12.6,13101,13357,256,-356,3008,5521,747,1766,11336,10829,5421,-3149,-507
"2009-04-30",3.6,2979,7864881,12885,85.2,7803,373308,379626,540.5,6.5,2.5,224186,99.1,99,96,55,8091.39,40916,96.9,64401.29,-0.5,-0.7,-58.07,105577,1.56,95.64,92.8,54335.27,1.42,305.4,-24,-21.1,922,1896.4,2055.7,76,2639354,98.7,1874,11.2,13,-32.9,-7.5,-51.9,-29.4,10,23,-1.1,71,-41.1,-38.3,-32.4,30.7,-12.3,-30.6,-21.9,-24.6,-24.1,-44,-19.6,-27.7,-30.6,-32.9,72.1,-41.1,-24.1,-13.7,-9.2,-11.7,-13.7,-12.5,8093,8394,21,-314,3081,739,766,-3108,10447,9941,446,-2294,-506
"2009-05-31",3.52,2663,7746869,13601,86.3,10876.6,427239,384578,555.9,2.9,2.6,226806,99,99,96.5,55,6816.22,40843,96.9,60652.67,3.7,-1.2,4973.66,107375,1.56,95.5,92.8,50325.59,1.28,298.6,-18.9,-17.1,925.5,1884.4,2042.5,78.8,2623540,98.7,2171,11.4,31.1,-32.4,-6.8,-51.4,-31.2,1.3,23.1,-1.7,69.8,-39.8,-39,-27.7,29.3,-10.9,-32,-22.2,-24.8,-20.8,-38,-15.7,-29.2,-32,-32.4,73.4,-39.8,-20.8,-12.9,-8.8,-8.4,-12.9,-10.4,6816,6882,13,-299,2762,-1578,706,-5047,10152,9003,-1864,-323,-1149
"2009-06-30",3.36,2788,7771856,13260,88.5,31469.6,478133,427111,628.3,2.8,2.7,226806,99.1,99.2,97.7,55,13757.14,40786,96.9,66898.84,4.1,-1,-1293.89,104691,1.56,95.56,93.2,53172.89,1.23,297,-19.2,-15.2,945.2,1876.3,2026.7,82,2636400,98.6,2514,11.5,44.8,-28.8,-5,-45.1,-30.5,-1.8,24.3,1.7,66.9,-36.9,-35.1,-18.9,28.2,-9.7,-30.4,-19.3,-30.1,-17.9,-30.1,-12.2,-26.6,-30.4,-28.8,77.4,-36.9,-17.9,-7.5,-9.8,-4,-7.5,-11.1,13756,13473,12,-256,3049,5564,695,1821,13649,10710,5320,-2274,-2939
"2009-07-31",3.36,3046,7681028,14658,90.7,4247.59,410321,339976,572.3,2.9,3,226806,99.6,98.8,97,55,14311.39,40773,96.8,70577.42,3.9,-2.19,-1656.9,104931,1.56,95.91,92.3,54985.7,0.98,297.7,-18.4,-24.3,947.5,1876.6,2022.2,85.2,2618169,97.2,2692,11.5,39.5,-25.5,-3.4,-35.7,-27.9,-4.9,23.9,0.2,63.1,-34.9,-35.4,-15.2,25.8,-10.7,-29.9,-17.9,-27.2,-13.4,-23.3,-10.4,-22.5,-29.9,-25.5,79.6,-34.9,-13.4,-6.2,-10.9,-0.9,-6.2,-6.5,14313,14301,-130,-293,3248,5760,676,1835,15548,11238,5337,-2262,-4310
"2009-08-31",3.26,2619,7663177,13974,94,5994.44,325060,275219,571.2,3.7,3.4,227810,99.7,99,98.1,55,7421.82,40782,97,60088.19,0.9,-2.69,20.87,115309,1.56,96.11,93.6,51089.51,0.86,300,-18.5,-27.8,960.2,1867.3,1996.7,86,2602547,97.6,2950,11.5,56.1,-22.6,-1.6,-27.2,-25.9,-18.1,24.2,0.1,61.6,-29.5,-31.9,-7.2,22.3,-7.7,-27.8,-13.5,-23.1,-10.9,-20.2,-6.6,-19.2,-27.8,-22.6,84.4,-29.5,-10.9,0,-8,4.5,0,-3.6,7419,7497,-121,80,2734,5362,656,1972,8832,5131,5321,-3033,-3701
"2009-09-30",3.28,2910,7591800,14021,95.4,4327.97,553205,316166,577.7,3.1,3.8,227810,99.5,98.8,97.2,55,11926.25,40801,96.9,70913.59,3.5,-2.8,3798.26,116785,1.56,96.36,92.7,59412.23,0.77,301.9,-13.5,-24.9,980.3,1863.5,1998.9,89,2616887,97.2,3179,11.4,57.7,-19.2,-0.3,-21.8,-25.5,-17.1,24.3,0.5,55.2,-28.6,-34.4,-10,19.5,-11.4,-28.2,-14.9,-21.5,-13.1,-22.3,-9.3,-21.4,-28.2,-19.2,87.1,-28.6,-13.1,6.6,-3.4,11.2,6.6,-6.4,11924,12123,-120,-309,2853,5444,666,1925,11926,9234,5015,-2325,-2692
"2009-10-31",3.37,2848,7570355,14842,95.8,20782.9,508450,321120,557.2,2.3,4.2,227810,99.6,98.8,97.4,55,10954.08,40778,96.9,72460.26,-2.6,-3.09,2967.25,119584,1.56,96.52,93.2,59994.16,0.74,297.6,-13.4,-17.1,1008,1868.7,2003.7,86.7,2607634,97.2,3453,11.3,56,-16.3,-0.8,-14.9,-23.6,-17.6,25.6,2.4,51.9,-23.7,-28.5,0.7,16.3,-6.7,-27.1,-13.4,-21.8,-17.2,-20.3,-8.9,-27.5,-27.1,-16.3,89.2,-23.7,-17.2,3.9,-2.3,8.7,3.9,-4.9,10955,10769,147,-290,2996,5564,723,1845,13252,10261,5421,-4727,-2991
"2009-11-30",3.37,2539,7565440,12786,97.6,16571,493851,279725,551.7,3,3.9,227454,99.3,98.8,98,55,16888.59,40782,97,72294.83,3,-2.01,4556.17,126129,1.56,96.63,93.6,56332.97,0.72,290.6,-8.7,-14.1,1031.9,1849.9,1978.8,89.3,2616536,97.3,3538,11.2,51.1,-18.5,-1.3,-15.8,-24.3,-12.5,24.9,2,59,-21.3,-26,2.5,15.5,-7.5,-26,-12.6,-20.1,-13.8,-10.3,-11.4,-19.8,-26,-18.5,91.4,-21.3,-13.8,10.1,-2.9,14.4,10.1,-8.2,16889,17170,155,-237,2569,5366,715,2083,15505,15213,5284,-3608,-292
"2009-12-31",3.36,2583,7509829,15519,97.8,23290.4,351229,215564,588.2,0,3.6,227454,100.4,98.6,97.9,55,23488.89,40809,97.2,67513.24,-1.7,-1.9,15938.37,125541,1.56,96.57,94,55030.85,0.71,281.2,-5.5,-15.3,1015.9,1847.8,1986.2,87.8,2606001,97.2,3024,11,50.4,-15.7,0.7,-13.9,-23.2,-6.8,24.7,3.5,53.1,-17.7,-22.2,7.2,12.5,-9.5,-26.8,-12.6,-22.9,-11.7,-6.5,-6.8,-14.7,-26.8,-15.7,93.3,-17.7,-11.7,7.5,-8.4,10.6,7.5,0.1,23489,22162,215,5060,2895,5447,746,1807,14383,16443,10722,-3676,2060
"2010-01-31",3.19,2547,7525485,10561,98.8,-16143.1,376937,181189,571.8,-2.6,3.4,227454,99.2,99.1,98.8,49,6972.04,40758,97.8,63357.95,3.8,-1.19,-4044.87,127966,1.9,96.84,95.6,55080.82,0.68,271.3,4.5,-17.9,1045.8,1867.1,1994.7,91.1,2610166,97.9,3512,10.9,47.2,-17.8,-0.5,-16.9,-26.4,-2,24.6,3.1,57,-14.7,-21.6,9.1,11.1,-8.5,-27.9,-16.2,-22.5,-13,-14.8,-8.8,-15.6,-27.9,-17.8,94.4,-14.7,-13,9.9,-2.3,8.7,9.9,-3.1,6971,6754,265,-287,2786,4575,844,945,8059,6675,4553,-4257,-1384
"2010-02-28",3.43,2558,7522707,11219,98.7,12493.1,450355,194846,591.6,0.5,3.3,225807,99.8,99.2,98.4,49,10815.38,40749,98.2,69985.47,0.2,-0.9,5811.13,134669,1.9,96.24,96.4,56770.05,0.66,297.7,7.5,-30.4,1046.5,1870.1,2003.5,91.3,2602060,97.8,3399,10.7,45.1,-17.4,-1,-17.8,-24.3,2.4,24.7,2.6,53.4,-11.7,-17.6,14.5,8.9,-3.6,-27.5,-15.7,-23.2,-17.9,-19.9,-8.1,-22.6,-27.5,-17.4,95.4,-11.7,-17.9,8.3,2,11.7,8.3,-4.9,10816,11485,284,-275,2389,4582,860,1334,14181,12707,4591,-6482,-1474
"2010-03-31",3.41,3125,7527899,12842,100.8,20634.6,560055,294375,608.6,-1.9,3.2,225807,100,99.5,99.9,49,16888.32,40811,98.7,85578.91,4.7,0.4,6957.42,134826,1.9,96.54,97.8,69335.06,0.65,319.9,10.7,-28.6,1031.8,1863.1,1996.8,95.6,2593151,98.3,4022,10.5,44.5,-13.2,-1,-10,-25.3,4.4,25.4,2.7,44.7,-7.5,-14,16.1,3.7,-0.6,-23.9,-13.6,-21.4,-16,-14.7,-10.5,-18.1,-23.9,-13.2,98.7,-7.5,-16,10.3,1,13.6,10.3,1.7,17099,17160,303,-292,2504,4843,862,1476,16211,14750,4854,-2505,-1461
"2010-04-30",3.28,2794,7643690,11765,104.4,5663.09,464591,259414,615.5,-6.5,3.4,225807,99.8,99.8,100.4,49,11431.67,40883,99.5,75184.62,3,1.2,-1774.79,142021,1.9,96.59,99.5,62189.16,0.65,334.8,14.9,-7,1072.5,1882.2,2030.9,98.4,2630593,99.2,3882,10.3,53,-6.5,0,-5.2,-22.2,8,25.9,4,25,-4.5,-8.9,15,2.7,4.5,-22.3,-10.4,-17.7,-4.4,-4.2,-4.6,-9,-22.3,-6.5,103.3,-4.5,-4.4,17.7,6.7,16.6,17.7,4,11430,11783,68,-287,2480,1058,765,-2187,13521,12479,839,-1888,-1042
"2010-05-31",3.45,2692,7755764,13693,105.2,644.672,470130,249708,673.4,-3.1,3.7,227354,99.8,100,100.3,49,5045.75,40931,100,76191.41,0.4,1.01,8127.94,157385,1.9,96.88,100.3,66048.87,0.69,355.3,13.4,-11.5,1085.6,1889.5,2039.1,98.9,2609395,99.7,4073,10,45.8,-9.3,-0.3,-16.1,-26,12.6,24.3,2.1,23.1,-1.3,-5.7,18.7,1.5,8.3,-22.5,-10.8,-17.8,-5.2,-1.2,-4.8,-6.6,-22.5,-9.3,102.9,-1.3,-5.2,14.3,7.9,14.9,14.3,4.9,5046,5124,91,-259,2212,-2009,722,-4943,10572,8456,-2177,-1233,-2116
"2010-06-30",3.52,2752,7715690,14946,106,12299.4,528820,289259,713.7,-2.8,3.5,227354,99.8,100,100.4,49,12881.39,40979,100.4,85310.5,2.2,0.4,-229.66,160629,1.9,98.24,101.1,71199.68,0.73,370,12.3,-10.3,1087.6,1898,2042,101.1,2605763,100.3,3857,9.8,28.7,-9.5,-1.6,-15.3,-22.6,13.9,24.7,-1.5,19.6,1.1,-5.4,18.2,-0.8,7.2,-21.6,-10.1,-19,-7.9,-11.5,-4.7,-9.1,-21.6,-9.5,103.4,1.1,-7.9,14.4,7,9.7,14.4,1.2,12881,12867,77,-280,2650,4471,715,1107,14827,11017,4268,-2404,-3810
"2010-07-31",3.3,2760,7511522,16750,110.3,-15774.5,392553,237428,625.3,-3.6,3.7,227354,100.1,100,100,49,9956.19,40984,100.4,81350.34,-0.8,1.52,737.15,145637,1.9,98.96,100.9,68383.72,0.85,390.8,12.6,17.5,1084.9,1907.9,2054.4,100.3,2602131,100.7,3472,9.6,21.2,0.1,1.7,0.6,-23.3,10.3,26.7,2,4.1,2.8,-1.5,17.7,-0.2,6.4,-19.9,-8.8,-16.7,2.3,6,3.2,1.8,-19.9,0.1,107.9,2.8,2.3,20.2,7.6,12.1,20.2,2.8,9957,10322,-81,-306,2457,4646,717,1472,13386,9064,4259,-3366,-4322
"2010-08-31",3.51,2660,7591555,16235,111.5,15044.8,335748,200885,624.7,-4.8,4.1,227957,100.3,100.1,99.8,49,5616.16,41043,100.7,74393.5,2.8,1.84,7472.03,155245,1.9,99.98,101,64937.96,0.9,396.4,12.9,13,1087.2,1914.9,2072.8,103.1,2610569,100.6,3440,9.4,14,2.9,2.5,7.7,-22.7,8.4,26.9,5.2,3.6,3.8,0.6,17,0.6,6.6,-19.6,-9.3,-11.8,3.3,6.2,3.6,-3,-19.6,2.9,108.9,3.8,3.3,20.2,10.5,17.8,20.2,10.5,5617,5666,-84,-225,2087,4490,737,1667,9616,4663,4181,-3227,-4953
"2010-09-30",3.49,2595,7461912,14747,112,16731.9,536468,259748,623.2,-3.8,4.4,227957,100.2,100.3,99.9,49,15641.58,41088,100.9,85971.77,-1.5,2.37,14140.66,150758,1.9,100,101.2,69498.91,0.88,397.6,9.6,12.1,1087.9,1912.5,2058.6,101.6,2588171,100.9,3312,9.2,-4.3,4.7,4,8.9,-22.2,10,26.9,4,-2.1,6.6,2.6,20.9,-1.1,10,-17.2,-5.3,-12,8.6,10.6,9.2,4.8,-17.2,4.7,112.1,6.6,8.6,25.6,8,21.1,25.6,8.6,15641,15455,-80,-340,2367,4806,781,1659,17625,14533,4386,-3278,-3092
"2010-10-31",3.42,2483,7472376,15569,113.1,-10181.9,502507,256775,619.1,-0.3,5,227957,100.2,100.4,100.1,49,13450.47,41134,100.7,86001.45,0.4,2.37,-1157,150481,1.9,100.26,100.8,71483.66,1,400.6,13.7,-0.5,1090.3,1922,2058.1,102,2597697,101.2,3845,9.1,-7.2,6.7,2.8,12.8,-21.8,5.9,27.6,5.4,-5.7,8,8.2,21.8,0,9.4,-14.2,-1.9,-9.3,6.1,10,9.5,7.4,-14.2,6.7,112.7,8,6.1,26.1,12.2,23.6,26.1,12,13450,13275,221,-359,2413,4778,893,1471,15152,12240,4640,-3430,-2912
"2010-11-30",3.84,2498,7583572,14912,114.3,27325.9,519765,262262,621,3.7,5.2,226684,100.3,100.6,100.3,49,15269.68,41194,101,87624.48,5.3,2.77,9847.77,162835,1.9,100.15,101.7,73740.28,1.04,394.1,12.7,-3,1116.8,1922.6,2079.9,107.4,2627454,101.4,3840,9.1,1.8,10.9,4,21.2,-21.2,8.9,28.1,7.1,-11.4,10.3,8.6,22,-3.7,13.3,-14,-2.5,-10.1,10.6,17.5,9.8,6.1,-14,10.9,115.4,10.3,10.6,27.7,12.1,23,27.7,15.9,15271,15471,201,-354,2258,5213,949,2005,15127,13799,5060,-3588,-1328
"2010-12-31",3.77,2534,8352276,14540,114.5,25238,414480,230371,671.2,26.1,5.5,226684,100.6,100.9,101.7,49,20921.15,41252,101.7,81009.07,-3.2,3.37,18798.5,162100,1.9,100.01,103.6,68428.68,1.02,379.8,15.3,-13,1106.7,1927,2073.8,104,2588651,102,3177,9,4.3,9.6,4,19.3,-20.5,13.8,28,6.8,-8.2,14,10.3,26.8,-5.5,17.3,-15.2,-3.7,-7.7,16.7,23,11.2,11.7,-15.2,9.6,117.4,14,16.7,29.4,19,27.8,29.4,14.1,20922,20959,291,4861,3813,6497,976,1707,12869,13286,11649,-4013,417
"2011-01-31",3.36,2304,8232993,12978,112.8,6868.15,398078,211056,628.7,23.1,5.6,226684,99.9,101.8,102.4,51,8711.34,41278,102.5,79314.86,4.4,2.32,2891.28,152428,1.9,100.03,104.9,69388.86,1.02,374.7,12.8,-7.4,1121.5,1945.5,2076.8,108.6,2604482,103.1,3665,8.9,15.4,8.9,3.9,18.9,-19.2,22,27.6,5.5,-7.3,13.1,11.9,23.9,-4,19.3,-13.2,-1.2,-7.7,5.9,11.9,8.2,6.7,-13.2,8.9,115.1,13.1,5.9,25,10.2,23.3,25,15.1,8691,9379,484,-342,3050,4438,1010,379,10063,7908,4580,-3797,-2155
"2011-02-28",3.59,2463,8191642,14052,114.1,21846.7,519342,224426,639.5,23.5,5.8,225440,100.5,102.1,102.5,51,10661.7,41359,102.7,84536.9,1.2,2.81,-722.29,156964,1.9,100.53,105.8,72446.87,1.09,417.2,15.5,3.2,1105.8,1939.9,2081.6,109.9,2617477,103.8,3697,8.9,15.7,8.7,4.1,20.1,-18.4,28.9,27.8,5.7,-5,16,13.3,27,-4.8,26,-9.5,1.1,-2,6.7,11.8,8.8,9.8,-9.5,8.7,116.7,16,6.7,26,18,23.6,26,13.7,10639,11347,482,-335,3252,6095,1105,1738,12925,10717,6242,-6320,-2208
"2011-03-31",3.69,2762,8002964,18258,113.8,29786.7,583399,327921,632.2,7.1,5.8,225440,100.8,102.6,104.2,51,21676.04,41403,103,98671.29,-3.3,2.09,5307.88,155718,1.9,100.14,107,79785.48,1.18,442.1,12.8,9.9,1108.6,1954,2080.9,106.3,2600437,104.4,4026,8.8,14.1,8.5,3.4,17.2,-20.6,30.2,28.2,6.2,-7.4,14.4,17.1,21.1,-6.4,25.5,-9,2.4,-1.3,8.8,14.1,10.2,8.8,-9,8.5,116.3,14.4,8.8,27.2,22.9,26.2,27.2,16.2,21627,21527,504,-329,3313,6386,1138,1936,19392,17744,6561,-2678,-1648
"2011-04-30",3.63,2587,8045863,15718,112.6,20305.2,470463,266251,610.1,3.5,6,225440,100.7,102.9,105,51,11162.2,41449,103.2,84509.94,1.5,1.78,1797.92,157344,1.9,99.86,107.1,73674.67,1.32,460.9,11.2,0.8,1114.2,1968.1,2096.5,107.9,2623923,105.3,3813,8.7,7.6,7.9,1.2,12.7,-21.6,33.5,28.5,5.1,-12.8,14,16.5,19.2,-6.1,27.7,-7.3,1.5,1.2,3.3,6.6,8.4,8,-7.3,7.9,114.9,14,3.3,24.7,22.6,20.9,24.7,18.2,11123,10922,249,-385,3361,3253,1178,-1286,11205,9236,3117,-1230,-1969
"2011-05-31",3.95,2611,8093980,18821,113.4,15109.5,563015,304543,611.3,4,5.9,226188,100.7,102.8,104.9,51,8782.35,41491,103.4,92352.03,3.2,2.99,5706.49,162854,1.9,99.82,106.6,77518.62,1.43,470.2,9.1,2.3,1116,1982.6,2126.1,111.4,2616489,105.3,4112,8.6,3.1,9,1.4,13,-22.2,33.5,29,8,-13.6,13.3,14.6,17.8,-7.3,22.9,-6.2,0.1,-0.5,6.6,8.8,6,3,-6.2,9,114.4,13.3,6.6,20.2,20.9,18.3,20.2,13.9,8740,8887,257,-270,3549,-4108,1238,-8895,15456,13247,-4121,-386,-2209
"2011-06-30",3.93,2520,7933618,17177,113.4,5861.91,456548,288382,632.3,1.1,5.6,226188,100.9,102.9,104.5,51,12981.78,41537,103.3,88084.24,-0.5,2.8,13875.14,159745,1.9,100.25,106,75190.85,1.49,479.5,7.7,2.1,1124.1,1987.6,2129.4,110.8,2605161,105.4,3883,8.5,-9,9.8,4.2,13,-20.3,28.1,29.6,9.8,-12.1,11.8,13.7,14.7,-4.7,17.4,-7.7,-1.5,0.3,3.4,2.5,4.9,5.4,-7.7,9.8,113.4,11.8,3.4,19.4,20.7,15.1,19.4,12.4,12942,12951,247,-352,3905,6641,1239,1498,12972,8710,6536,-2304,-4262
"2011-07-31",3.87,2504,8051495,17077,112.8,-7901.16,462005,260907,629,4.9,5.6,226188,101.2,103.1,105,51,9523.79,41537,103.5,85571.82,-2.3,2.7,1433.39,170639,1.9,100.77,106.5,75016.89,1.6,492.2,11.7,-4.1,1119.7,2005.2,2144.4,108.3,2609743,106,3667,8.4,-15.1,8.4,2.8,8,-18.7,30.2,29.8,9.2,-13.6,9.6,13.1,11.5,-2.9,15.4,-7.1,-0.7,-1.5,3.3,10.2,2.4,5.4,-7.1,8.4,112,9.6,3.3,19.5,17.7,19.5,19.5,14.2,9471,9352,38,-324,3728,6561,1223,1610,11371,6356,6275,-3160,-5015
"2011-08-31",3.97,2583,8313776,18914,109.3,7925.31,396706,237561,679.1,3.4,5.4,230321,101.4,103.2,104.5,51,9452.92,41595,103.4,85255.52,-0.3,3.02,1710.16,184687,1.9,101.95,106,73515.61,1.55,496.8,9.1,-2.7,1131.9,2027.2,2171.5,108,2630162,105.8,3622,8.3,-37.6,0.2,1.4,-3.7,-20.7,30,28.9,7.3,4.4,4.6,7.7,5.4,-0.1,9.9,-6.2,-0.4,-5.3,-4.8,-6.5,1.4,-5.2,-6.2,0.2,106.4,4.6,-4.8,13.4,12.9,13.2,13.4,8.7,9400,9923,38,-319,3559,6700,1232,1909,11953,5779,6419,-2798,-6174
"2011-09-30",3.99,2520,8538815,17428,108.2,8.353,562504,280689,764.6,2.5,5.3,230321,101.4,103.4,105.3,51,19131.73,41633,103.5,94964.04,-3.7,3.32,17359.95,181430,1.9,103.14,106.4,77650.18,1.54,501.2,5.7,-0.6,1140.5,2039.9,2178.4,104,2637516,106,3643,8.3,-43.3,-1.9,1.5,-8.3,-19.7,29.2,28.4,6.2,7.1,1.4,10.1,1.1,2.7,8.8,-6.5,0.2,-7.2,-2.7,-2.1,6.5,-0.9,-6.5,-1.9,104,1.4,-2.7,10.8,13.5,9.1,10.8,10.3,19080,18921,31,-337,4413,7599,1295,1892,17989,14620,7293,-2833,-3369
"2011-10-31",3.91,2363,8403298,17020,107.5,13007.3,502897,258253,772.8,5,5.2,230321,101.4,103.8,105.2,51,11414.66,41652,103.3,89054.96,1.5,3.52,-3914.65,181946,1.9,104.48,106.3,78054.83,1.58,499.5,4.8,-1.9,1149.9,2042.1,2179.9,105.6,2666676,106.2,3683,8.2,-48.3,-3.3,2.3,-11.5,-22.4,29.2,27.7,5.8,9.8,-0.7,7.6,-0.9,4.2,8.2,-9.2,-2.5,-10,-3,0.6,3.1,-3.5,-9.2,-3.3,102.9,-0.7,-3,11.7,14.7,9.4,11.7,9.8,11358,11316,289,-247,3759,7006,1320,1927,10766,7640,7048,-3330,-3126
"2011-11-30",3.92,2389,8457180,16301,107.6,5506.81,546272,269144,812.7,7.4,5.3,228676,101.4,104.1,105.1,51,18513.05,41703,103.5,94104.4,-3.2,3.19,12259,187984,1.9,104.91,106.9,77994.75,1.49,491.7,4.4,-2.3,1171.5,2049,2192.5,102.2,2671886,106.1,3451,8.2,-55.2,-2.9,1.4,-12.1,-19.8,30.8,27.9,5.8,6.7,-0.7,6.5,1.1,5.3,8.4,-7.3,0.8,-9.6,-2,-2.1,6.6,-1.5,-7.3,-2.9,102.8,-0.7,-2,10.6,14.6,12.7,10.6,10.5,18457,18865,288,-368,3442,6675,1399,1834,17116,15174,6595,-3312,-1942
"2011-12-31",3.92,2493,8466671,21039,107.3,2951.64,410689,244501,837.6,16.5,5.4,228676,101.7,104.1,105.1,51,23066.5,41763,103.7,84805.29,1.9,2.57,12109.4,184603,1.9,104.72,107.4,72285.23,1.43,466.6,1.4,6.3,1170.4,2053.2,2196,104,2638422,105.6,3025,8.2,-53.8,-2.2,2.4,-8.5,-18.7,30.8,28.1,4.5,7.2,-0.9,3,3.3,6,10.3,-8.6,0.7,-6.1,-2,-0.2,3.6,1.5,-8.6,-2.2,103.5,-0.9,-2,13.9,20.9,15.9,13.9,11.8,23021,22803,406,4690,4404,7459,1426,1630,12219,13824,12555,-3358,1605
"2012-01-31",3.6,2321,8589485,11996,107.7,5352.85,443510,210195,860.1,4.2,5.6,228676,101.2,104.6,105.9,51,12715.2,41852,104.4,85923.96,-1.4,3.25,-2596.25,195056,1.96,105.1,108.7,72084.82,1.22,451.6,2,3.7,1170.9,2070.4,2201.4,102.6,2659949,106.1,3367,8.2,-21.6,0.5,2.7,-5.6,-19.8,25.1,29.6,8.1,3.4,1.6,4.5,7.4,5.1,10,-8.6,1.3,-6.8,-6,-4.6,3.3,-1,-8.6,0.5,105.1,1.6,-6,14.3,18.1,14.6,14.3,15.4,12715,12149,358,-362,3060,4975,1612,302,14472,11594,4971,-3849,-2878
"2012-02-29",3.56,2353,8597489,13795,108.2,355.831,508798,224318,910.9,-11.2,5.7,227704,101.7,104.9,106.8,51,14368.54,41850,104.7,91008.78,0.9,3.61,3632.9,195654,1.96,105.62,109.5,75220.86,1.05,472.9,1,0.5,1180.3,2085,2220.2,103.5,2654115,106.5,3578,8.1,5.4,-0.8,3.3,-5.2,-21.4,29.7,28.7,7.9,9.1,2.6,3.9,7.6,4.1,10,-7.4,0.6,-4.9,-6.9,-7.5,3.5,-4.5,-7.4,-0.8,105.6,2.6,-6.9,15.7,16.5,15.2,15.7,12.1,14369,14663,359,-344,2713,6214,1549,1951,17274,15248,6229,-7108,-2026
"2012-03-31",3.51,2809,8593975,17501,108.4,10581,546169,339123,1002.8,7.4,5.9,227704,102.1,105.1,108.2,51,19685.36,41898,104.8,98470.85,2.3,3.9,13179.61,186628,1.96,106.34,110,80878.32,0.86,490.3,1.7,7.8,1189.1,2094.6,2225.8,105.9,2654775,107.1,3901,8.1,22.3,-0.6,2.6,-4.6,-19.8,30.2,28.2,5.4,5.6,-1.5,2.4,1.9,5.8,9.9,-8.9,-0.9,-0.6,-1.6,-2.3,4.6,-2.7,-8.9,-0.6,103.9,-1.5,-1.6,15.5,19.1,18.8,15.5,12.7,19685,19749,360,-360,2766,6345,1540,2039,18606,16506,6345,-3165,-2100
"2012-04-30",3.34,2573,8671443,16181,108.5,8649.08,426321,274066,1031.3,0.8,5.9,227704,101.9,105.1,108.7,51,12971.3,41924,105.1,87009.31,-2.3,3.41,-6831.38,189556,1.96,105.31,109.7,72366.14,0.74,499,-0.8,-2.1,1199.7,2097.1,2229.7,103.4,2671497,107.3,3598,8.1,23.4,-2.3,1.5,-7.5,-20.4,30.2,26.6,2.7,6,-2.5,2.6,0.7,5.4,10.7,-10.3,-1.8,-8.1,-3.9,-3.4,0.3,-0.8,-10.3,-2.3,102.9,-2.5,-3.9,15.6,19.5,15.7,15.6,8.2,12971,13252,154,-351,2640,1391,1521,-2770,15130,14026,1193,-2249,-1104
"2012-05-31",3.33,2353,8932191,20769,106.2,11923.877,448045,289977,1087,0.3,5.8,226782,102.1,105.1,107.6,51,11355.68,41962,105,92445.36,1.6,2.71,2949.34,193057,1.96,105.44,109.2,76457.72,0.69,499.2,0,-8.2,1218,2131,2263.6,105.2,2654383,107,3708,8,10.8,0.4,2.1,-2.5,-22,23.5,27,3.1,1.3,-5.8,-1.3,-2.6,6.6,7.4,-9.9,-1.3,-8.8,-13.6,-11.9,-2.7,-8.7,-9.9,0.4,101.6,-5.8,-13.6,15.1,18,18.1,15.1,12.8,11356,11669,153,-298,2415,-681,1549,-4643,16620,13312,-825,-1131,-3308
"2012-06-30",3.37,2367,8708236,21571,104.6,8221.922,463839,296722,1119.4,2.6,5.7,226782,102.1,105,106.6,51,19412.09,41985,104.8,94038.18,-2.6,3.6,11564.18,190248,1.96,106.22,107.7,75824.68,0.66,499.2,0.2,-5,1235.7,2158.5,2281.3,102.6,2624658,106.6,3767,8,-16.9,-1.3,2.9,-8.7,-20.1,21.3,28.5,8.4,7.8,-8.4,-1.1,-4.5,7.3,1.1,-9.5,-0.2,-9.6,-10.8,-10,0.8,-9.2,-9.5,-1.3,100.2,-8.4,-10.8,11.8,13.7,12.6,11.8,7.2,19412,19342,152,-331,2533,5657,1560,1563,18943,16050,5478,-2117,-2893
"2012-07-31",3.11,2580,8798712,20288,102.7,595.675,460830,247860,1112.9,1.7,5.7,226782,102.5,105.3,107.3,51,16731.26,42033,105,93098.38,0.8,3.12,1997.55,199419,1.96,107.02,108.2,75634.14,0.5,499.8,-1.4,-10.2,1256.7,2186.6,2330.5,103.3,2656227,106.6,3593,8,-19.6,-4.6,2.6,-16.3,-20.8,24.8,27.5,4.1,8.6,-13,-6.3,-10.6,11.1,0.3,-10.9,-3.8,-13.9,-9.3,-7.3,0.9,-11.2,-10.9,-4.6,95.5,-13,-9.3,5,12.4,8.5,5,6.2,16731,16693,-29,-322,2531,5993,1611,1850,17933,13228,5642,-2139,-4705
"2012-08-31",2.97,2390,8768060,19531,102.7,15134.955,363254,226455,1135.4,0.8,5.8,227456,102.6,105.7,108.8,51,13370.47,42072,105.2,89896.09,-0.1,3.22,-3359.21,197776,1.96,107.14,109.2,72900.84,0.33,493.4,-1,-7,1268.5,2202,2336.8,103.2,2655461,107,3370,8,-25.5,-8.8,1.6,-21.2,-20.7,26.8,28.4,5.5,21.2,-13.5,-7.4,-10.7,10.5,1,-9.9,-3.9,-13.8,-14,-13.3,-2.7,-10.7,-9.9,-8.8,94.9,-13.5,-14,5.9,15.1,4.2,5.9,4.4,13370,13977,-32,-249,2385,5998,1599,2015,17323,10924,5717,-3271,-6399
"2012-09-30",3.07,2057,8639622,17783,102,28436.734,450072,250082,1090.9,2.1,6,227456,102.6,105.8,109.5,51,17060.44,42079,105.2,91091.17,-2.3,2.82,837.27,203337,1.96,106.71,108.5,74049.88,0.25,484.5,-0.7,-9.3,1291.6,2197.8,2317.8,100.8,2652375,107.3,3561,8,-18.2,-10.3,0.4,-22.9,-22.9,29.3,26.7,3.5,22.4,-15.9,-8,-13.5,11,1.1,-9.2,-0.5,-12.2,-13.6,-15.1,-3.8,-13.4,-9.2,-10.3,92.9,-15.9,-13.6,3.9,14.7,6.7,3.9,9.2,17060,17832,-30,-359,2526,6256,1526,2204,17765,14046,5867,-2853,-3719
"2012-10-31",2.96,2405,8560960,20303,101.2,15435.229,454716,259529,1110,-0.9,6,227456,102.7,106.1,108.3,51,15779.53,42122,105,98083.01,3.4,3.11,332.37,196910,1.96,107.81,108,81800.41,0.21,468.1,-3.2,-11.7,1347.2,2253.7,2389.4,104.2,2660722,107.4,3688,7.9,-11.5,-9.3,1.6,-21.2,-22.8,31.2,26.7,4.3,22,-18.1,-10,-14.3,12.1,2.1,-11.4,-2,-10.3,-13,-19.2,-3,-15.7,-11.4,-9.3,91.8,-18.1,-13,1.5,11.8,3.1,1.5,4.7,15781,15993,506,-400,2707,6510,1506,2295,16640,12516,6615,-3351,-4124
"2012-11-30",2.9,2211,8530243,16776,101.7,24354.464,482406,259846,1098.6,-3.5,6.1,224581,102.8,106.1,107.3,51,19731.9,42160,105.1,93345.26,-2.8,3.87,9216.27,197486,1.96,108.31,108,76195.4,0.19,450.6,-2.9,-11.9,1373.1,2242.9,2375.4,101.3,2654662,107.4,3467,7.9,-15.7,-10.2,0.3,-18.8,-21.1,31.2,27.1,3.1,25.3,-13.4,-7.1,-8.5,7,2.1,-9.6,-0.1,-10.7,-10.6,-12.4,-4.1,-11.1,-9.6,-10.2,94.8,-13.4,-10.6,3.8,16.3,2.9,3.8,7.1,19733,20075,502,-376,2680,6432,1467,2285,17856,16129,6558,-2954,-1727
"2012-12-31",2.94,1878,8314596,18559,102.3,21962.367,340499,204331,1026,-4.7,6,224581,103.2,105.9,107.1,51,20407.89,42163,104.8,78217.03,0.6,4.23,19463.48,188630,1.96,109.51,107.4,65991.78,0.19,420.5,-1.1,-14.3,1365.7,2203.8,2322.6,101.9,2627721,107.1,3063,7.8,6.9,-10.4,0.7,-20,-22.1,31.2,28,3.6,26,-12.7,-6.9,-6.3,8.2,4.6,-10.4,-2.2,-8.6,-10.5,-11.7,-2,-13.1,-10.4,-10.4,95.4,-12.7,-10.5,5.5,11.2,8.3,5.5,11.6,20409,17787,701,4757,2934,6577,1439,2203,11840,14046,12035,-5672,2206
"2013-01-31",2.84,2224,8194056,15720,104.3,-12234.98,397634,192090,964.1,-5,5.8,224581,102.1,107.1,107.1,53,10002.92,42172,104.8,88120.02,-0.1,4,715.1,184947,1.96,108.65,107.3,74466.73,0.21,405.2,-2.4,-21.3,1363.4,2216.1,2337.1,101.7,2652268,107.7,3585,7.7,31.5,-7.6,2.6,-17.4,-20.8,27.6,29.3,6.1,21.5,-10.2,-5.6,-1.9,6.3,5.4,-6.2,0.9,-8.8,-8.4,-7.6,-1.4,-12.6,-6.2,-7.6,98.6,-10.2,-8.4,9.4,16,10.6,9.4,5.8,10225,10392,245,-332,3063,4633,1406,143,14697,10963,4548,-5285,-3734
"2013-02-28",2.92,2071,8179721,16530,105.8,15212.067,459180,200683,934.9,7.6,5.7,222264,102.8,107.3,108,56,11186.56,42191,104.7,87862.58,2.1,2.83,-4803.12,183222,2.14,108.45,107.6,71321.88,0.22,431.1,-1.6,-20.9,1366.1,2218.8,2351,103.9,2649960,107.5,3415,7.7,48.2,-6.4,1.2,-11.5,-19.8,26.5,27.9,6.3,21.5,-8.4,-5.6,-0.3,5.8,3.2,-7.3,-0.5,-7.5,-9.9,-8.8,-3.6,-14.5,-7.3,-6.4,99.1,-8.4,-9.9,8.8,16.3,11,8.8,8.8,11441,11326,273,-266,2922,5213,1300,967,16354,13031,5219,-6809,-3323
"2013-03-31",2.92,2313,8149278,18047,105.2,31715.387,474467,281184,906.7,-12.5,5.9,222264,103.4,107.2,107,52,20313.04,42171,104.9,93886.31,1.9,3.19,7642.74,188447,2.14,109.19,107.6,75089.34,0.21,443.5,-1.5,-19.2,1356.6,2219.9,2349.2,105.9,2648567,107.2,3814,7.7,48.5,-5.4,2,-10.3,-20.3,25.6,26.8,2.4,15.6,-9.8,-5.9,0.1,8,2.5,-6.9,-3.4,-4.8,-11.4,-11.5,-2.4,-13.8,-6.9,-5.4,99.4,-9.8,-11.4,14,14.2,14.4,14,7,20470,20828,238,-347,3251,6008,1229,1503,21302,18345,5898,-3772,-2957
"2013-04-30",2.92,2272,8165602,21954,103.3,20339.054,502411,284444,916.9,0.1,6,222264,102.8,107.2,107.7,52,16428.36,42183,104.7,93523.67,-2.6,3.67,14919.2,173980,2.14,111.17,106.4,75419.25,0.21,440.5,0.5,-10.7,1386.1,2243.8,2370.9,103,2665071,107.1,3568,7.7,36.3,-4.9,1.3,-13.6,-19.4,25.4,28.2,5.3,12.7,-10.7,-9.8,1,8.3,-0.4,-5.7,-2.6,-5.4,-14.3,-14.4,-6.2,-14.6,-5.7,-4.9,96.9,-10.7,-14.3,4,14.2,12.7,4,4.4,16413,16593,-44,-306,3370,989,1267,-3675,20280,17967,639,-2192,-2313
"2013-05-31",3,2261,8020831,20289,104.7,8211.046,428684,261316,891.6,-1.9,6.2,222889,103.3,107.2,107.4,53,12872.25,42235,104.5,87779.94,0.4,4.72,-1155.14,169105,1.94,112.85,106,73957.38,0.2,436.8,-2.1,-10.9,1391.6,2248.6,2370.9,103.5,2651743,106.8,3654,7.7,36.4,-4.5,2.3,-10.8,-18.9,21.6,28.6,2.9,12.3,-11.6,-7.3,-2.6,8.2,-1.8,-6.2,-2.6,-6.8,-11,-8.7,-4.5,-12.7,-6.2,-4.5,97.7,-11.6,-11,8.5,13.4,11,8.5,5.7,13019,13284,-41,-270,3273,2599,1219,-1924,16875,12813,2287,-2080,-4062
"2013-06-30",2.97,2112,7915470,20312,105.5,31805.458,475779,282913,839.7,-0.4,6.5,222889,103.4,107.3,107.4,53,15720.98,42247,104.1,91887.52,4.3,4.7,1538.08,150825,1.94,112.43,105.3,74845.71,0.21,437.1,1,-10.7,1390.3,2242.8,2371.1,108.1,2658386,106.7,3536,7.8,38.5,-3.2,2.4,-9.4,-20.6,20.6,27.7,4.7,10.7,-8.2,-8.1,2.8,8.2,0.5,-6.3,-3.1,-4.9,-10.5,-6.9,-6.4,-11.9,-6.3,-3.2,98.7,-8.2,-10.5,5.7,13.2,11.4,5.7,4.9,15681,15980,-26,-289,3480,5192,1229,450,17901,14021,4877,-3218,-3880
"2013-07-31",2.95,2459,7834427,25396,105.9,6418.103,444960,253146,838.1,0.7,6.8,222889,103.8,107.6,108.2,52,12710.49,42291,104.2,92625.1,-2.3,5.1,8050.49,158611,1.94,113.21,105.4,76232.08,0.22,444.3,-2,-2.2,1400.4,2252.2,2374.9,105.5,2642884,106.6,3397,7.8,36.3,-2.3,3.4,-10.8,-19.9,23.5,29.7,7.5,9.5,-8.8,-5.8,2.8,8.1,1.3,-6.8,-0.9,-6.3,-9.9,-6.8,-2.2,-11,-6.8,-2.3,99.5,-8.8,-9.9,7.8,15.7,10.8,7.8,5.7,12447,12144,-203,-278,3618,6079,1185,1241,16505,10122,5599,-3275,-6383
"2013-08-31",2.8,2212,7764053,21186,107.9,26842.713,394991,214044,832.2,1.4,7,223615,103.9,107.6,108.2,50,9017.06,42301,104.2,84436.68,0.9,4.35,-4973.17,164477,2.14,113.79,105.5,71166.63,0.23,444.5,0.5,-4.8,1412.2,2269.8,2298.4,106.5,2545135,106.5,3166,7.9,42,-3.4,2.9,-7.2,-20.7,28.2,29.1,5.9,15.2,-3.7,-4.5,8.4,4.2,2.8,-5.2,-0.9,-7.5,-7,-3.9,-0.5,-9.5,-5.2,-3.4,103,-3.7,-7,13.3,16.5,14.8,13.3,7.7,9043,9223,-128,-307,3296,6041,1213,1500,13559,6952,5606,-3515,-6607
"2013-09-30",2.97,2000,7760553,21522,108.6,23986.615,514468,247199,835,-0.2,7,223615,103.9,107.8,108.2,47,19825.49,42326,104.2,94020.98,2.5,4.07,7307.9,156452,2.14,115.17,105.5,73739.24,0.22,445.5,0.9,-11.6,1424.8,2263.7,2289.6,109.2,2546527,106.8,3618,7.9,49.6,-4,2.3,-5.6,-20.3,26.8,28.4,4.1,17,-2.6,-3,10.3,3.5,4.3,-3.1,0.9,-2.9,-2.5,3.9,-0.6,-3.8,-3.1,-4,103.4,-2.6,-2.5,12.4,13.4,15.1,12.4,6.6,19612,19730,-158,-325,3604,5407,1217,560,20679,17185,4925,-2497,-3494
"2013-10-31",2.92,2222,7747852,21311,108.3,20821.526,456669,265441,823.5,0.7,7.1,223615,103.8,107.8,107.2,52,16811.45,42363,103.9,98526.38,-1.3,3.67,4408,154486,2.14,114.81,104.8,80571.94,0.23,438.6,1.6,-6.5,1451.6,2286.3,2316.6,107.8,2546916,106.6,3765,7.9,52.8,-4.2,2.4,-4.2,-18.9,26.5,28.1,3.7,18.9,0.4,-2.4,15.2,2.2,3.8,-3,3.4,-5.3,-2.4,-0.7,-1.6,-4.2,-3,-4.2,104.3,0.4,-2.4,10.2,11,13.7,10.2,4.7,16740,17244,115,-385,3620,6490,1188,1665,19147,13400,6221,-2881,-5747
"2013-11-30",2.99,2049,7781956,17948,109.5,26568.243,537383,254651,806.9,2.6,7.1,222774,104.2,107.8,106.6,48,21754.43,42377,103.9,93977.98,1.2,2.79,-2320.8,148010,1.8,114.12,104.9,76014.37,0.22,430.7,4.6,-8.4,1462.1,2267.6,2293.3,109.1,2550793,106.5,3668,8,54.6,-2.1,3.5,-1.9,-19.5,24.6,28.4,3.5,13.5,1.1,-1.3,14.5,2.3,5.8,-3,3.2,-6.4,-4,0.4,-1.9,-6,-3,-2.1,105.1,1.1,-4,12.1,12.6,15.9,12.1,9.5,22387,22551,116,-379,3448,6784,1206,2116,20021,17971,6523,-2107,-2050
"2013-12-31",3.01,1800,7604207,20084,109.5,25111.95,353278,215320,800.7,6.6,7.4,222774,104.5,107.8,107.2,51,22972.99,42393,103.8,81378.04,-1.2,3.23,19196.16,143753,1.8,113.02,104.9,67568.28,0.27,414.3,3.7,-6.8,1448.1,2273.6,2299.4,107.8,2546255,106.6,3459,8,62,-2.2,3.3,-0.2,-20.2,25.5,30.7,5.8,17.8,1,1.1,11.8,1.4,8.6,-2.3,2.1,-2.7,-3.7,-2.1,-1.1,-7.4,-2.3,-2.2,105.4,1,-3.7,12.7,13.8,11.7,12.7,7.4,22942,20536,137,4705,3952,8573,1257,3345,14327,15654,13414,-6126,1327
"2014-01-31",2.92,2055,7685549,18245,111,3147.478,442430,205996,768.1,13.9,7.6,222774,103.8,108,106.6,50,14294.01,42465,104,89688.71,1.9,3.21,-9451.7,149930,1.8,112.27,104.8,74999.15,0.29,400.8,4.6,9.9,1453.9,2291,2314.8,109.7,2550662,106.5,3668,8,61.7,-0.8,3.6,2.3,-17.6,24,27.8,3.3,12.6,0.1,1.5,10.9,1.5,7.8,-7,-0.6,-3.4,1.2,5.5,-0.3,-3,-7,-0.8,106.2,0.1,1.2,16.5,15.2,19.5,16.5,7.6,13276,14762,259,-337,3408,4819,1190,192,15435,12908,4740,-4372,-2527
"2014-02-28",2.97,2047,7616741,17930,111.1,25933.464,513041,209349,752.9,16.3,8.3,222623,104.4,108.2,107,47,13601.02,42507,104,91298.86,0,3.12,10578.24,152432,2.1,112.22,104.7,75297.84,0.29,429.3,4.3,3.4,1462,2311.3,2336.9,109.8,2547299,106.5,3569,7.9,55.7,-0.7,4.1,1.4,-16.4,22,28.5,2,10.2,0.1,0.9,10.6,1.1,4.8,-5.4,-0.1,-3.8,2.1,6,-1.8,-2.7,-5.4,-0.7,106.5,0.1,2.1,17.7,17.7,16.7,17.7,12.8,13109,13526,278,-288,3094,5918,1203,1585,17038,14530,5908,-7330,-2508
"2014-03-31",3.01,2054,7565267,19868,110.7,32462.673,522428,296408,737.8,12.8,8.5,222623,104.8,108.2,106.8,49,22301.74,42523,103.8,94840.64,-2.2,2,1260.28,150614.6,2.1,112.73,104.1,78293.73,0.31,447.1,3.2,-7,1454.1,2309.5,2329.5,107.5,2553687,106.2,4050,7.9,46.6,2.3,4.1,2.5,-18.3,19.9,28.8,7.4,4.7,0.9,-0.1,12.5,1.2,4.1,-7,-0.6,-4.7,1.2,3.1,1.6,0.2,-7,2.3,107,0.9,1.2,15,12.3,12.4,15,9.9,21752,21991,256,-358,3130,6516,1309,2037,19819,18556,6413,-3217,-1263
"2014-04-30",2.95,2131,7595240,21482,110.5,31516.569,494416,274097,770.6,3.7,8.5,222623,104.6,108.4,107.6,48,16947.6,42567,103.9,92852.35,2.3,1.45,6.11,150048.3,2.1,113.51,103.8,75513.05,0.33,455.5,2.5,-4.9,1489.9,2335.8,2358.3,109.9,2573931,106.1,3713,7.9,43.2,3.1,5.3,1.6,-19.5,18,30.6,8.3,2.7,-0.1,-1.8,10.2,1.2,2.5,-9.7,-4.9,-7.4,0.2,4.8,1.5,-1.2,-9.7,3.1,106.5,-0.1,0.2,14.8,9.8,17.4,14.8,10.8,16501,16687,-27,-258,3182,3196,1351,-1375,18418,16833,2911,-3244,-1585
"2014-05-31",3.06,1932,7671781,22588,109.8,8660.377,482483,274804,764.9,1.3,8.5,223214,104.4,108.4,107.8,47,12409.33,42566,103.9,91064.43,-3.5,0.45,3446.94,148948.6,2,114.56,103.8,73626.15,0.33,451.7,2.1,-1.9,1501.7,2356,2376.5,106.1,2567011,105.9,3923,7.8,33.1,5.5,5.2,4.6,-16.6,18.1,31.1,11.3,-0.9,1.2,-1.7,14.1,3.3,1.9,-12.4,-5.8,-9.3,-1.1,0.5,1.3,-2.6,-12.4,5.5,107.3,1.2,-1.1,14.6,11.8,18.7,14.6,9.5,12180,12109,-24,-254,3028,-2448,1294,-6806,17917,15968,-2726,-1062,-1949
"2014-06-30",2.97,1813,7640670,20912,109.2,17587.366,456069,277614,725.5,1.3,8.6,223214,104.8,108.5,108.3,50,16602.46,42591,104,92640.33,-0.3,0,5821.74,153016.7,2,115.1,104,76573.34,0.24,494.6,0.4,-1.3,1493.3,2344.8,2369.9,105.8,2566011,105.9,3562,7.8,29.8,4.3,4.7,7.6,-18.7,14.6,28.1,3.8,-1.3,-1.3,-1.4,7.2,2.5,2.6,-9.9,-5.6,-8.3,1.1,1.1,-0.2,-1,-9.9,4.3,105.8,-1.3,1.1,15,14.4,20.6,15,9.4,16301,16706,-66,-326,3061,4848,1318,435,17959,14251,4456,-2406,-3708
"2014-07-31",2.82,2111,7707700,24443,108,10158.203,535001,270249,697.1,0.2,8.9,223214,105.1,108.6,108.5,48,20713.57,42632,104.1,99974.35,6.7,0.18,-1170.41,154885.4,2,116.11,103.6,76914.7,0.21,502,4.4,-12.7,1499.4,2355.6,2381.4,112.9,2568142,105.8,3452,7.7,27.1,3.9,4.9,5.3,-19.9,15.3,29.8,7.3,2.1,-0.3,-1.8,11,3,3.3,-12,-6.4,-11.2,-4.1,-4.5,-3.2,-5.5,-12,3.9,105.4,-0.3,-4.1,12.1,15.1,13,12.1,9.1,20303,19901,-191,-245,3064,5998,1325,1578,22747,17756,5562,-3016,-4991
"2014-08-31",2.77,2002,7801551,21895,106.5,12839.641,272744,213092,712,-0.4,8.9,223458,105.3,108.6,108.1,45,10890.35,42632,104.1,83109.39,-5.1,0.54,9418.53,156411,2.09,116.09,103.5,69570.36,0.19,515.1,-1.7,-5.8,1515.6,2377.3,2407,107.1,2571769,105.7,3101,7.6,8.6,0.3,4.7,0.4,-18,14.8,30.3,6.7,10.6,-2.7,-2.8,5.9,3.4,4.1,-13,-5.9,-7.2,-4.4,-3.4,-0.9,-4.9,-13,0.3,103.4,-2.7,-4.4,10.6,17.6,9.9,10.6,12.1,10707,11133,-169,-352,2936,5950,1329,1656,14254,7637,5430,-2359,-6617
"2014-09-30",2.77,2054,7797700,20468,105.6,30217.498,524072,260062,738.3,-0.3,8.6,223458,105.3,108.7,108,50,23852.76,42656,104.3,101451.37,1.6,1,-2970.05,156366.9,2.09,117.01,103.8,79861.57,0.1,518.3,1,1.9,1522.9,2373.8,2401.3,108.8,2581607,105.7,3515,7.6,6.9,-1.1,4.1,-2.1,-20.4,10,30,6.1,12.4,-3.1,-1.5,7,5.3,5.2,-11.5,-2.7,-12.1,-7.2,-7.8,-5.5,-13.6,-11.5,-1.1,103.1,-3.1,-7.2,12.5,12.1,14.5,12.5,9.1,23247,23590,-190,-397,3488,6817,1407,1893,23313,19459,6231,-2442,-3854
"2014-10-31",2.7,2125,7807379,23387,103.7,16625.613,478999,275320,736.9,-0.4,8.4,223458,105.2,108.5,107.3,47,21847.84,42689,104.2,102862.98,1.9,0.91,1917.75,154133,2.09,117.09,103.5,81366.9,0.08,517.4,1.6,-0.2,1548.5,2373.9,2402.9,110.9,2577433,105.5,3542,7.5,-3.6,-0.7,5.4,-2,-18,11.1,30.3,7.3,13.4,-4.1,-6.1,4.3,5.3,4.7,-8.4,0.3,-6.7,-7.5,-6.4,-5,-4.6,-8.4,-0.7,103.8,-4.1,-7.5,15.3,18.6,16.9,15.3,13.9,21331,21219,82,-412,3236,6387,1353,1769,22823,17829,6058,-2557,-4994
"2014-11-30",2.82,1816,7891867,18366,104.8,21005.473,515340,250082,734,-0.9,8.5,221996,105.4,108.6,106.4,46,19065.03,42680,104.2,94902.7,-2.2,0.27,4069.31,155424.1,1.56,117.24,102.7,77514.27,0.08,514.6,-0.2,2.4,1575.2,2389.6,2418.8,108.4,2590117,105.5,3592,7.4,11.5,-1.6,5.2,-3.3,-21.3,8.5,29.4,6.1,14.5,-3,-7.2,4.6,4.7,3.2,-11.7,-1.9,-12.4,-9,-5.7,-5.8,-10.2,-11.7,-1.6,102.9,-3,-9,12.6,21.4,17.3,12.6,7.2,18686,18838,51,-412,2990,6492,1336,2133,18095,16056,6130,-3501,-2039
"2014-12-31",2.78,1945,7853359,21555,105.5,30830.905,367003,229700,771,-0.8,8.7,221996,105.9,108,104.7,50,25500.18,42715,103.9,89059.84,3.3,-0.63,-10996.41,158745.1,1.56,117.21,101,70613.71,0.08,497.8,1.4,3.3,1557.6,2387.2,2411.7,112.1,2589507,104.8,3257,7.3,34.9,-1.4,4.7,-0.8,-19.3,6.2,28.6,3.3,12.7,-3.4,-2.7,3.4,4.2,-1.5,-7.2,2.2,-12.1,-10.3,-13,-4.6,-14.9,-7.2,-1.4,102.9,-3.4,-10.3,13.4,19,20.3,13.4,8.3,25486,23556,-2,4511,3208,6765,1437,2086,18681,19362,11274,-5149,681
"2015-01-31",2.64,1739,8176529,16612,106.9,-2116.115,421510,211337,805.7,-4,9,221996,104.9,107.7,103.3,43,14982.62,42741,104.4,89700.68,-1.3,-0.98,-3547.57,176740.6,1.51,118.36,100.2,73999.05,0.06,485.2,-0.1,-1.6,1586.2,2425.2,2455,110.6,2603157,104.2,3679,7.2,48.4,0,4.8,-1.7,-18.3,0.5,29.5,5.2,8.2,-3,-1.4,5.6,5.5,-1.2,-10.1,-1.5,-12.2,-5.4,-5.4,-3.5,-4,-10.1,0,103.3,-3,-5.4,12.6,21.6,16.9,12.6,12.6,14904,14924,270,-370,3136,5204,1292,739,15712,14000,5103,-4199,-1712
"2015-02-28",2.77,1879,8113719,18219,107,10419.863,501118,223254,800.2,-8.3,9.3,221841,105.7,108.1,104.3,50,16421.77,42776,104.7,95368.31,-1.4,-0.18,9064.82,172120.4,1.5,119.33,101.6,76172.45,0.05,518.9,0.1,10.1,1610.2,2452.9,2486.3,109,2610402,104.3,3512,7.1,53,-0.1,4.5,-1.6,-18,-0.7,28.9,5.2,8.5,-3.4,-1.1,5.3,5.6,-0.1,-12.1,-4.3,-9.6,-4.6,-4.4,0.2,-5.9,-12.1,-0.1,102.9,-3.4,-4.6,11.7,15.5,18.7,11.7,9,16279,16303,280,-282,3086,5828,1212,1491,19585,17960,5826,-7506,-1625
"2015-03-31",2.7,2097,8223669,21310,107.8,21415.126,550700,323039,847.9,-1.8,9.7,221841,106.1,108.2,105.7,46,27996.21,42835,105.3,107648.56,0.8,0.18,9216.24,176921.6,1.48,120.03,102.6,84560.71,0.03,542,-0.1,10.4,1616.8,2470.8,2499.4,110,2619500,104.4,3872,7.1,54.8,3.2,5.1,1.4,-17.9,1.7,29.5,5.3,-1.2,-1.2,0.3,9.1,6.4,0.1,-12.5,-4.4,-10.8,-5.4,-4.1,-1,-4.7,-12.5,3.2,104.7,-1.2,-5.4,14,18,16.4,14,11.7,27046,27219,249,-404,3303,7566,1426,2798,25129,23752,7411,-4117,-1377
"2015-04-30",2.58,2066,8134159,21099,108.5,31057.907,476100,291395,856.5,-2,10,221841,105.9,108.2,106.5,46,21754.94,42880,105.6,100133.14,1.1,1.25,-411.05,171758.4,1.6,120.3,103.2,78805.43,0.01,551.6,0.4,1.4,1645.1,2484.6,2522.4,111.1,2620060,104.5,3609,7,53.3,3.3,5,0.5,-17.5,2.1,29.4,5.1,-2.5,-2.8,0.8,4.8,6,0.4,-10.8,-3.4,-10.6,-6.3,-6.9,-0.4,-5,-10.8,3.3,104,-2.8,-6.3,14,15.3,16.3,14,11.9,21546,21894,-57,-420,3286,3779,1328,-873,22552,21120,3303,-2877,-1432
"2015-05-31",2.65,1761,8053476,21551,108.4,16523.424,451400,256385,860.3,0.6,10.1,222792,105.9,108.3,107.2,46,11464.79,42905,105.4,95390.24,-0.5,1.43,9208.77,173842,1.62,120.68,103,76300.29,-0.01,556.8,1.7,-3.9,1674.6,2506.9,2539.2,110.6,2622906,104.5,3709,7,41.9,3,5.6,-0.3,-18.2,8.3,30,4.9,-1.8,-2.6,1.5,7.3,7.2,0.9,-13.2,-6.7,-10.2,-3.1,-2.4,0.3,-10,-13.2,3,104.6,-2.6,-3.1,16.6,16,15.3,16.6,12.2,11683,12240,29,-330,3123,-5504,1251,-9915,21472,19470,-5806,-1982,-2002
"2015-06-30",2.6,2016,7848289,23623,107.5,25045.18,511100,313539,880.1,-2.8,10.2,222792,105.9,108.2,107,44,26136.04,42955,105.3,105269.36,2.5,1.05,7485.53,168299.1,1.67,121.37,102.5,81699.22,-0.01,572.2,1.4,-6.8,1679.6,2521.5,2553.2,113.4,2620787,104.4,3770,7.1,31.5,2.8,5.7,-3.2,-17.2,7.8,30.7,6.7,-2,-4,1.7,5.4,7.5,3.2,-13,-5.9,-9.6,-5,-1.4,-1.8,-6.9,-13,2.8,104.6,-4,-5,18.6,19.8,20.4,18.6,14.1,25275,25467,-4,-368,3304,4981,1232,409,25366,22858,4609,-2194,-2508
"2015-07-31",2.64,2187,7915587,25644,108.1,21313.045,532400,290196,903.5,-2,10.1,222792,106.3,108.1,107.4,46,25775.81,43007,105.4,106731.87,-1.9,0.4,-5988.72,163071.3,1.62,122.26,101.8,82289.42,-0.02,588.7,0.5,-2.9,1693.1,2540.9,2573.1,111.2,2645539,104.4,3613,7.1,29.7,1.4,5.6,-4.9,-17.2,7,29,4.8,0,-2.1,0.6,7.2,5.2,2,-12.4,-4,-7.9,-2,-6.1,-3.4,-5.1,-12.4,1.4,105.6,-2.1,-2,19.5,14.5,18.5,19.5,11.6,25385,25848,-237,-356,3468,7147,1230,2414,25485,21146,6553,-2314,-4339
"2015-08-31",2.64,1807,7888364,23013,108.5,22019.547,331200,226314,930.8,-0.6,10.1,224617,106.6,107.9,106.3,54,14760.49,43046,104.9,87734.4,-2,0.6,584.43,162917.2,1.55,122.82,100.3,72712.32,-0.03,596.5,2.4,-12.1,1707.5,2543.1,2573.4,109,2646509,103.9,3430,7.1,25,0.7,5.6,0.5,-17.8,1,29,5.3,8.5,-4.3,-1.1,3.9,6.6,-0.1,-11.5,-1.7,-7.8,2.5,2.2,0.8,-1.6,-11.5,0.7,105.4,-4.3,2.5,22.4,15.8,22.3,22.4,13.8,14429,14469,-98,-392,3246,6226,1139,1808,16856,11434,5735,-2739,-5422
"2015-09-30",2.78,1841,7877084,23111,108.7,24705.76,539800,272479,936.9,-1.8,9.9,224617,106.6,107.9,105,54,26521.16,43083,104.6,105445.72,-0.7,0.9,16885.57,161922.1,1.48,122.53,99.6,83177.32,-0.04,599.6,0.3,-15.4,1721.4,2555.3,2594.7,108.2,2646840,103.5,3377,7.1,12.1,-2.9,5.2,-4.6,-17.4,6.6,30,6.7,18.9,-1.4,-1.1,10.9,5.5,0.5,-9.6,-2.2,-8.2,4.7,5.9,1.9,3.8,-9.6,-2.9,107.4,-1.4,4.7,25.7,17.7,23.7,25.7,14.7,26144,26345,-110,-454,3363,6670,1150,2127,25704,21614,6105,-1576,-4090
"2015-10-31",2.64,1996,7903872,23614,108.2,20085.725,522600,278372,956.3,-2.3,9.6,224617,106.7,107.9,104.6,51,22205.13,43110,104.4,105827.74,0.9,1.3,4481.9,166663.9,1.45,122.0733,99.3,84092.72,-0.05,612.2,0.3,-12.7,1752.8,2568.5,2610.6,109.2,2646217,103.1,3639,7.1,1.9,-4.6,4.8,-8.5,-20.2,1.3,30.7,9.7,24.3,-2.3,-1.7,7.8,5.3,1.8,-8.7,-0.9,-4,4.7,8.5,2.5,4,-8.7,-4.6,106.7,-2.3,4.7,24.5,18.9,30.3,24.5,16.3,22157,22064,144,-411,3535,7076,1104,2411,24283,18436,6808,-3088,-5847
"2015-11-30",2.71,1880,7987563,22642,109,25078.998,518400,272377,1002.6,-1.5,9.4,224556,106.7,107.9,104.8,50,25362.22,43175,104.5,102684.04,1,1.8,486.86,163816,1.41,122.49,99.1,82179.26,-0.09,610.3,-0.4,-11.1,1789.5,2600,2644.5,110.2,2663947,102.9,3481,7.1,10.4,-4.5,4.5,-10,-19.6,5.6,30.3,9.1,21.7,-3.2,-1,7.6,5.8,2.1,-4.8,4.1,-2.8,2.6,0.2,2.3,-0.6,-4.8,-4.5,106.6,-3.2,2.6,25.8,17.8,28.7,25.8,17.5,25372,25536,139,-441,3540,7176,1037,2575,22723,20982,6874,-2485,-1741
"2015-12-31",2.63,1854,7708280,27650,108.5,18420.188,361700,247355,1011.5,-2,9.3,224556,107.1,107.4,103.7,47,26581.78,43237,104.1,91621.03,-0.6,1.1,-182.53,159531.9,1.34,123.74,97.9,73256.69,-0.12,590.9,-1.2,-18.2,1766.2,2602.8,2644,109.6,2659108,102.4,2987,7.1,16.1,-4.2,5.7,-7.8,-18,5,30.4,9.2,24,-2.1,-1.8,8.1,6.2,0.6,-3.5,6.2,0.7,1.7,2,4.2,-3.4,-3.5,-4.2,106.6,-2.1,1.7,23.7,17.1,27.1,23.7,17.8,25923,23675,128,3864,3337,7223,1170,2695,18318,19184,11215,-4476,866
"2016-01-31",2.58,1692,7866128,21818,107.5,-2046.791,413800,218365,1018.5,0,9.4,224556,106.3,107.2,102.9,47,14596.68,43266,103.9,88466.37,1.1,0.8,-3164.72,164656,1.33,125.4466,96.4,75264.53,-0.14,580.8,2.7,-15.3,1793.4,2633.4,2677.6,110.8,2660584,101.7,3605,7.2,10.2,-5.8,5,-10.6,-18.7,6.3,29.5,7.4,25.1,-4.2,-4.3,4.9,9.8,-0.8,-4,0.4,-1.9,1.3,1.4,2.6,-4.6,-4,-5.8,104.5,-4.2,1.3,22.1,16,28.3,22.1,18.2,14597,14560,276,-342,3244,4584,993,309,13864,12330,4519,-2251,-1534
"2016-02-29",2.71,1842,7955727,24306,105.9,19223.28,532800,250146,1043.7,8.3,9.4,226630,106.7,107.2,102.5,47,20581.85,43317,103.4,99260.28,-1.1,0.7,5118.41,177917,1.28,126.5266,95.8,79451.52,-0.16,613.9,2,-17.9,1806.9,2646.5,2691.7,109.6,2670355,101.2,3362,7.2,1,-6.4,5.3,-13,-20.2,5.4,30.4,8.1,26.2,-5.2,-4.2,2.4,5.8,-2.9,-4,1,-3,-1.6,-0.9,3.2,-6.1,-4,-6.4,103.9,-5.2,-1.6,20.2,14.4,21.2,20.2,13.4,20582,21102,251,71,3053,5278,894,1294,22729,22499,5600,-7517,-230
"2016-03-31",2.67,1902,7825990,26211,106.7,19482.998,516100,322913,1077.6,3.4,9.5,226630,107.5,107.5,103,48,29098.51,43367,103.6,106698.11,3.3,1.1,17888.65,171266,1.37,126.4966,96.5,80947.04,-0.21,634.5,1.1,-16.2,1793.1,2657.8,2699.8,113.3,2672808,101.2,3811,7.2,4.3,-6.2,4.9,-14.1,-19.1,4.3,29.9,9,24.8,-5.5,-5.7,1.8,6,-3.5,-3.4,1.5,-6.3,0.1,0.1,3.7,-4.6,-3.4,-6.2,103.7,-5.5,0.1,19.6,15.9,22,19.6,11.7,29099,28347,229,-369,3238,6954,903,2778,27527,25909,6815,-3626,-1618
"2016-04-30",2.6,1882,7849475,27948,106.7,25740.879,546500,315921,1112.7,2,9.4,226630,106.9,107.5,103.8,46,28103.28,43372,103.5,104008.89,-2.8,0.5,7058.32,175738,1.41,127.1933,96.4,78681.28,-0.25,640.1,1.5,-9.5,1817.3,2663.2,2705.6,110,2684421,101.3,3556,7.2,11.2,-4.8,5.4,-11.5,-17.9,3,28.9,5.2,18.3,-4.3,-3.5,5.9,5.5,-0.5,-5.9,0.2,-5,-0.8,-2.4,0.5,-11,-5.9,-4.8,104.2,-4.3,-0.8,19.4,17.3,19.2,19.4,14.4,28103,29390,-20,-455,3142,3202,891,-866,27954,27078,2727,-1702,-876
"2016-05-31",2.59,1741,7860514,26857,107.7,13362.474,450300,286931,1159.5,1,9.7,228876,107.3,107.8,104.7,47,17884.99,43423,103.7,96960.3,0.5,0,5490.15,173927,1.48,128.46,97.3,76247.2,-0.25,654.788,-0.6,-0.9,1839.6,2680.9,2722.4,110.5,2693863,101.7,3858,7.1,6.4,-3.2,5.3,-11.1,-18.6,1.9,29.9,7.8,14.8,-3.2,-2.3,4.7,4.3,2.4,-0.8,2.8,-2,3.6,2.4,5.8,-2.7,-0.8,-3.2,104.5,-3.2,3.6,15.4,21.1,18.4,15.4,12.9,17885,18153,-81,-357,2918,-3562,802,-7317,23371,22464,-4001,-579,-907
"2016-06-30",2.61,1940,7963809,29846,108.7,22041.405,565000,339563,1214,2.5,9.8,228876,107.3,107.9,105.5,46,24018.14,43470,103.9,106483.5,-0.3,0.1,14752.45,184628,1.49,131.0133,97.8,82007.07,-0.268,664.872,1.5,-5.1,1841.3,2693.1,2734.2,110.3,2690660,102.1,3692.348,7.1,19.2,-1.6,5.9,-8.3,-18.9,5.9,31,8.7,12.8,-2.4,-0.6,7.6,5.3,3.2,-0.5,4.4,-1.7,0.9,2.1,5.5,-2.8,-0.5,-1.6,106.2,-2.4,0.9,20,17.3,17.4,20,12.6,24018,23555,-6,-1997,3142,3861,866,-185,26538,24245,1858,-2086,-2293
"2016-07-31",2.44,1805,7985306,25827,108.3,17975.575,410900,278866,1209.4,3.1,10.1,228876,107.7,107.9,105.3,48,18296.69,43480,104.1,96041.6,-0.5,1,-6124,186300,1.47,132.39,97.9,76943.62,-0.292,673.889,-1.8,-7.8,1853.4,2713,2759.7,109.6,2697736,102.3,3392.949,7,-6.8,-2.1,4.9,-9.6,-18.1,4.9,30.3,6.7,10.3,-1,-0.5,7.3,4.2,4.8,0.4,4.2,0.1,2.1,1.8,3.7,-5.9,0.4,-2.1,106.4,-1,2.1,20,18.9,23.2,20,13,18196,18057,-158,-374,3169,5025,711,1100,20754,17138,4493,-3436,-3616
"2016-08-31",2.44,1789,7951781,27752,106.3,18053.661,422000,245076,1239.2,2.2,10,231488,107.9,107.9,104.7,48,17016.12,43572,104,96245.18,1,0.8,1190.7,183951,1.44,132.66,97.7,76550.16,-0.298,685.238,2.7,-2.5,1864.6,2717.4,2761.4,110.7,2705219,102.2,3510.865,7,0.5,-2.5,6.1,-5.7,-19.1,7.2,30.2,8.1,18.5,-3.7,1.7,7.6,6.2,1.6,1.6,5,-4.1,-3.3,-6.3,1.7,-7.6,1.6,-2.5,105.2,-3.7,-3.3,19.4,17.3,25.2,19.4,11.9,16990,16864,-117,-404,3024,5611,772,1767,21394,16391,5091,-4492,-5003
"2016-09-30",2.54,1896,7907094,26705,109.7,25729.275,528500,298002,1305.3,2.8,10.2,231488,107.9,108.1,105.2,48,23756.31,43634,104,105901.2,0,0.5,12005.54,183796,1.47,132.56,97.8,81876.55,-0.302,686.797,1.9,-4.5,1867.6,2726.7,2768.7,110.7,2716973,102,3245.663,6.9,0.5,-2.9,6,-5,-19.3,6.4,31.4,8.9,21.5,-0.2,1,10,4.5,2.7,3,6.1,0.3,0,-3.5,5.2,-4.6,3,-2.9,106.9,-0.2,0,19.7,18.4,23.3,19.7,15.9,23739,24232,-109,-413,3286,4453,812,306,25730,22508,3931,-2700,-3222
"2016-10-31",2.44,1621,7911891,27777,110.6,27587.367,472800,262724,1312.2,2.2,10,231488,108,108.4,105.9,46,18831.85,43681,104.3,101431.36,3.2,0.3,-4511.1,181623,1.47,133.08,98.7,82187.04,-0.301,691.372,1.5,-6.4,1879.9,2715,2756.5,114.2,2724948,102.7,3505.825,6.9,6.2,-2.5,4.9,-1.5,-18.5,7.4,30.8,7.6,21.1,1.7,5.1,13.2,2.8,5.4,1.9,6.6,0.8,1,0.7,5.8,-6.1,1.9,-2.5,108.5,1.7,1,22.8,18.3,26.3,22.8,16.3,18796,18614,175,-583,3106,5491,654,1682,20877,17298,5083,-3585,-3579
