39.974423347,116.303952479,0,492.153618766404,40753.9455671296,2011-07-29,22:41:37
39.974440857,116.304031408,0,492.209835958005,40753.9455787037,2011-07-29,22:41:38
39.974421511,116.304043228,0,492.186358267717,40753.9455902778,2011-07-29,22:41:39
39.974449234,116.304097005,0,492.161729002625,40753.9456018518,2011-07-29,22:41:40
39.974475055,116.304155608,0,492.153717191601,40753.9456134259,2011-07-29,22:41:41
39.974466917,116.304150881,0,492.108861548556,40753.945625,2011-07-29,22:41:42
39.974439591,116.304133338,0,492.087135826772,40753.9456365741,2011-07-29,22:41:43
39.9744387,116.304145917,0,492.099652230971,40753.9456481481,2011-07-29,22:41:44
39.974437733,116.304146716,0,492.097749343832,40753.9456597222,2011-07-29,22:41:45
39.974427219,116.304140683,0,492.090288713911,40753.9456712963,2011-07-29,22:41:46
39.974398846,116.304124444,0,492.080879265092,40753.9456828704,2011-07-29,22:41:47
39.974391058,116.304110784,0,492.078074146982,40753.9456944444,2011-07-29,22:41:48
39.974402242,116.304113153,0,492.085433070866,40753.9457060185,2011-07-29,22:41:49
39.974402509,116.304102528,0,492.087335958005,40753.9457175926,2011-07-29,22:41:50
39.974428496,116.304115472,0,492.09219160105,40753.9457291667,2011-07-29,22:41:51
39.97446637,116.304163009,0,492.087335958005,40753.9457407407,2011-07-29,22:41:52
39.974515041,116.304195437,0,492.113418635171,40753.9457523148,2011-07-29,22:41:53
39.97453722,116.304213512,0,492.101653543307,40753.9457638889,2011-07-29,22:41:54
39.974540447,116.30420863,0,492.091640419947,40753.945775463,2011-07-29,22:41:55
39.974571953,116.304243634,0,492.055898950131,40753.945787037,2011-07-29,22:41:56
39.974579525,116.304249521,0,492.040580708661,40753.9457986111,2011-07-29,22:41:57
39.973394478,116.303221344,0,1035.36170275591,40753.9479282407,2011-07-29,22:45:01
39.97336767,116.303217556,0,1033.11543635171,40753.9479398148,2011-07-29,22:45:02
39.973365015,116.303208904,0,1032.84930774278,40753.9479513889,2011-07-29,22:45:03
39.973364743,116.303199313,0,1032.54022965879,40753.947962963,2011-07-29,22:45:04
39.973357203,116.303195639,0,1030.15309055118,40753.947974537,2011-07-29,22:45:05
39.973356571,116.303187799,0,1030.04615813648,40753.9479861111,2011-07-29,22:45:06
39.97335853,116.30316535,0,1030.06387795276,40753.9479976852,2011-07-29,22:45:07
39.973365424,116.303172762,0,1026.00708333333,40753.9480092593,2011-07-29,22:45:08
39.973372908,116.303174804,0,1023.58270013123,40753.9480208333,2011-07-29,22:45:09
39.973374678,116.303163645,0,1022.16354986877,40753.9480324074,2011-07-29,22:45:10
39.973376676,116.303152451,0,1020.14056102362,40753.9480439815,2011-07-29,22:45:11
39.973375619,116.303155621,0,1017.41920931759,40753.9480555556,2011-07-29,22:45:12
39.973372044,116.303152686,0,1016.88344816273,40753.9480671296,2011-07-29,22:45:13
39.973339669,116.303170662,0,1015.32092519685,40753.9480787037,2011-07-29,22:45:14
39.973342867,116.303173598,0,1014.94946850394,40753.9480902778,2011-07-29,22:45:15
39.973331148,116.303176221,0,1014.63097440945,40753.9481018518,2011-07-29,22:45:16
39.973324469,116.303172886,0,1014.03934711286,40753.9481134259,2011-07-29,22:45:17
39.973312538,116.303173592,0,1013.4600328084,40753.948125,2011-07-29,22:45:18
39.973303258,116.303171239,0,1012.78169947507,40753.9481365741,2011-07-29,22:45:19
39.973297153,116.303166133,0,1012.05900918635,40753.9481481481,2011-07-29,22:45:20
39.973276785,116.303163782,0,1011.60815288714,40753.9481597222,2011-07-29,22:45:21
39.973271846,116.303155254,0,1011.13096784777,40753.9481712963,2011-07-29,22:45:22
39.973267378,116.303153462,0,1010.1843011811,40753.9481828704,2011-07-29,22:45:23
39.97326837,116.303152916,0,1009.63011811024,40753.9481944444,2011-07-29,22:45:24
39.973275063,116.303146618,0,1009.10266732283,40753.9482060185,2011-07-29,22:45:25
39.973265295,116.303146202,0,1008.04116141732,40753.9482175926,2011-07-29,22:45:26
39.97325894,116.303129548,0,1007.64527559055,40753.9482291667,2011-07-29,22:45:27
39.97325598,116.303113242,0,1005.92685695538,40753.9482407407,2011-07-29,22:45:28
39.973245328,116.303086469,0,1004.48708661417,40753.9482523148,2011-07-29,22:45:29
39.973241531,116.303069007,0,1003.67158136483,40753.9482638889,2011-07-29,22:45:30
39.973235411,116.303067283,0,1002.11646653543,40753.948275463,2011-07-29,22:45:31
39.973234866,116.303055345,0,1001.7094652231,40753.948287037,2011-07-29,22:45:32
39.973234897,116.303029165,0,1000.90166994751,40753.9482986111,2011-07-29,22:45:33
39.973234694,116.303021556,0,1000.53301509186,40753.9483101852,2011-07-29,22:45:34
39.973244635,116.302999386,0,997.476151574803,40753.9483217593,2011-07-29,22:45:35
39.973250091,116.302992634,0,994.939527559055,40753.9483333333,2011-07-29,22:45:36
39.973249308,116.302985905,0,994.510902230971,40753.9483449074,2011-07-29,22:45:37
39.973228087,116.302968846,0,992.888103674541,40753.9483564815,2011-07-29,22:45:38
39.973219305,116.302965839,0,991.478566272966,40753.9483680556,2011-07-29,22:45:39
39.973212287,116.30296112,0,989.520154199475,40753.9483796296,2011-07-29,22:45:40
39.973198442,116.302966038,0,986.258339895013,40753.9483912037,2011-07-29,22:45:41
39.973194562,116.302964037,0,983.298795931758,40753.9484027778,2011-07-29,22:45:42
39.973194312,116.302959792,0,981.011778215223,40753.9484143518,2011-07-29,22:45:43
39.973193667,116.302962231,0,979.098021653543,40753.9484259259,2011-07-29,22:45:44
39.973197242,116.302962494,0,975.828595800525,40753.9484375,2011-07-29,22:45:45
39.973192905,116.302976664,0,972.215748031496,40753.9484490741,2011-07-29,22:45:46
39.973191337,116.302972464,0,968.972552493438,40753.9484606481,2011-07-29,22:45:47
39.973182429,116.302975406,0,966.073083989501,40753.9484722222,2011-07-29,22:45:48
39.973178379,116.302971281,0,963.044255249344,40753.9484837963,2011-07-29,22:45:49
39.973177053,116.302967165,0,960.391988188976,40753.9484953704,2011-07-29,22:45:50
39.973174676,116.302966936,0,958.644435695538,40753.9485069444,2011-07-29,22:45:51
39.973175726,116.30296955,0,956.076673228346,40753.9485185185,2011-07-29,22:45:52
39.973180186,116.302968596,0,954.411624015748,40753.9485300926,2011-07-29,22:45:53
39.973185959,116.302971899,0,951.610374015748,40753.9485416667,2011-07-29,22:45:54
39.97318694,116.302970557,0,949.107693569554,40753.9485532407,2011-07-29,22:45:55
39.97319098,116.302975687,0,944.85155183727,40753.9485648148,2011-07-29,22:45:56
39.973181769,116.302971091,0,943.922608267716,40753.9485763889,2011-07-29,22:45:57
39.973179923,116.302957672,0,941.765853018373,40753.948587963,2011-07-29,22:45:58
39.97317464,116.302956841,0,939.146227034121,40753.948599537,2011-07-29,22:45:59
39.973178963,116.302957623,0,936.633631889764,40753.9486111111,2011-07-29,22:46:00
39.973178599,116.302966001,0,932.439668635171,40753.9486226852,2011-07-29,22:46:01
39.973176977,116.302961965,0,927.099593175853,40753.9486342593,2011-07-29,22:46:02
39.973185,116.302964365,0,922.359156824147,40753.9486458333,2011-07-29,22:46:03
39.973183261,116.302958272,0,919.417732939632,40753.9486574074,2011-07-29,22:46:04
39.973192208,116.302954234,0,915.66501312336,40753.9486689815,2011-07-29,22:46:05
39.973191568,116.302941424,0,912.622467191601,40753.9486805556,2011-07-29,22:46:06
39.973197235,116.30293117,0,910.234826115485,40753.9486921296,2011-07-29,22:46:07
39.973200824,116.302943598,0,905.16999015748,40753.9487037037,2011-07-29,22:46:08
39.973192361,116.30294404,0,900.802611548556,40753.9487152778,2011-07-29,22:46:09
39.973185355,116.302929735,0,899.325692257218,40753.9487268519,2011-07-29,22:46:10
39.973188038,116.302920333,0,896.377362204724,40753.9487384259,2011-07-29,22:46:11
39.973188173,116.302925294,0,887.913139763779,40753.94875,2011-07-29,22:46:12
39.973195832,116.302926704,0,883.932037401575,40753.9487615741,2011-07-29,22:46:13
39.973199568,116.302927786,0,882.087066929134,40753.9487731481,2011-07-29,22:46:14
39.973189672,116.302930424,0,881.840062335958,40753.9487847222,2011-07-29,22:46:15
39.973194725,116.302932291,0,879.020590551181,40753.9487962963,2011-07-29,22:46:16
39.973200122,116.302930823,0,876.429901574803,40753.9488078704,2011-07-29,22:46:17
39.97319991,116.302928467,0,876.223244750656,40753.9488194444,2011-07-29,22:46:18
39.973207668,116.302926982,0,872.769192913386,40753.9488310185,2011-07-29,22:46:19
39.973209707,116.302919353,0,870.463454724409,40753.9488425926,2011-07-29,22:46:20
39.973219688,116.302910299,0,868.932066929134,40753.9488541667,2011-07-29,22:46:21
39.973236056,116.302906152,0,867.348316929134,40753.9488657407,2011-07-29,22:46:22
39.973241382,116.30289858,0,865.72061351706,40753.9488773148,2011-07-29,22:46:23
39.973247089,116.302871892,0,863.988681102362,40753.9488888889,2011-07-29,22:46:24
39.973252034,116.302864859,0,863.86312664042,40753.948900463,2011-07-29,22:46:25
39.973252841,116.30285863,0,862.914356955381,40753.948912037,2011-07-29,22:46:26
39.973259031,116.302852696,0,861.608251312336,40753.9489236111,2011-07-29,22:46:27
39.973264678,116.302846302,0,861.471079396325,40753.9489351852,2011-07-29,22:46:28
39.973275217,116.302840476,0,860.222142388452,40753.9489467593,2011-07-29,22:46:29
39.973286575,116.302831349,0,859.250147637795,40753.9489583333,2011-07-29,22:46:30
39.973300232,116.302834075,0,854.416994750656,40753.9489699074,2011-07-29,22:46:31
39.973309313,116.302829489,0,853.546824146982,40753.9489814815,2011-07-29,22:46:32
39.973311347,116.302824302,0,852.360564304462,40753.9489930556,2011-07-29,22:46:33
39.973319907,116.302809826,0,851.342007874016,40753.9490046296,2011-07-29,22:46:34
39.973326265,116.302797005,0,850.320751312336,40753.9490162037,2011-07-29,22:46:35
39.973322398,116.302774059,0,849.336640419948,40753.9490277778,2011-07-29,22:46:36
39.973329402,116.302770391,0,848.245597112861,40753.9490393519,2011-07-29,22:46:37
39.973321951,116.302710247,0,844.401463254593,40753.9490509259,2011-07-29,22:46:38
39.973319079,116.302697407,0,842.032043963255,40753.9490625,2011-07-29,22:46:39
39.973322512,116.302681026,0,839.747933070866,40753.9490740741,2011-07-29,22:46:40
39.973328602,116.302677257,0,838.073969816273,40753.9490856482,2011-07-29,22:46:41
39.97333447,116.302673585,0,836.419133858268,40753.9490972222,2011-07-29,22:46:42
39.973335343,116.302644901,0,833.449727690289,40753.9491087963,2011-07-29,22:46:43
39.973333657,116.302632627,0,831.851358267716,40753.9491203704,2011-07-29,22:46:44
39.973337036,116.302630578,0,830.659091207349,40753.9491319444,2011-07-29,22:46:45
39.973349653,116.302618845,0,829.838930446194,40753.9491435185,2011-07-29,22:46:46
39.97334801,116.302592818,0,826.371610892388,40753.9491550926,2011-07-29,22:46:47
39.973349979,116.302576978,0,824.099012467192,40753.9491666667,2011-07-29,22:46:48
39.973357287,116.302572773,0,820.494924540682,40753.9491782407,2011-07-29,22:46:49
39.973368572,116.302575348,0,816.320433070866,40753.9491898148,2011-07-29,22:46:50
39.973368652,116.302569334,0,815.717342519685,40753.9492013889,2011-07-29,22:46:51
39.973367663,116.302561784,0,815.211617454068,40753.949212963,2011-07-29,22:46:52
39.973378351,116.302546499,0,810.25156167979,40753.949224537,2011-07-29,22:46:53
39.973373934,116.302539877,0,809.388297244094,40753.9492361111,2011-07-29,22:46:54
39.973370497,116.302534805,0,808.635019685039,40753.9492476852,2011-07-29,22:46:55
39.973375675,116.302526168,0,807.539471784777,40753.9492592593,2011-07-29,22:46:56
39.973372489,116.302522762,0,806.714455380577,40753.9492708333,2011-07-29,22:46:57
39.973374857,116.302509845,0,805.530547900262,40753.9492824074,2011-07-29,22:46:58
39.973375243,116.302495968,0,804.304737532808,40753.9492939815,2011-07-29,22:46:59
39.973377911,116.302484653,0,803.03157152231,40753.9493055556,2011-07-29,22:47:00
39.973380089,116.3024756,0,802.113891076115,40753.9493171296,2011-07-29,22:47:01
39.973391902,116.302460187,0,798.997352362205,40753.9493287037,2011-07-29,22:47:02
39.973393586,116.302446819,0,797.445994094488,40753.9493402778,2011-07-29,22:47:03
39.973390611,116.302427389,0,795.367785433071,40753.9493518519,2011-07-29,22:47:04
39.973393124,116.302402942,0,793.458582677165,40753.9493634259,2011-07-29,22:47:05
39.973393228,116.302388244,0,791.50312664042,40753.949375,2011-07-29,22:47:06
39.973399091,116.302375026,0,790.17373687664,40753.9493865741,2011-07-29,22:47:07
39.973406853,116.30235898,0,789.241591207349,40753.9493981482,2011-07-29,22:47:08
39.973415275,116.302342099,0,787.873556430446,40753.9494097222,2011-07-29,22:47:09
39.973429293,116.302325939,0,786.304022309711,40753.9494212963,2011-07-29,22:47:10
39.973434964,116.302314822,0,784.626856955381,40753.9494328704,2011-07-29,22:47:11
39.973439804,116.302301162,0,783.022631233596,40753.9494444444,2011-07-29,22:47:12
39.973468539,116.30227698,0,781.758274278215,40753.9494560185,2011-07-29,22:47:13
39.973468411,116.302264468,0,780.216276246719,40753.9494675926,2011-07-29,22:47:14
39.973475285,116.302240241,0,775.410810367454,40753.9494791667,2011-07-29,22:47:15
39.973478467,116.302226829,0,770.800131233596,40753.9494907407,2011-07-29,22:47:16
39.973484848,116.302208919,0,769.061541994751,40753.9495023148,2011-07-29,22:47:17
39.973481856,116.302187509,0,767.588175853018,40753.9495138889,2011-07-29,22:47:18
39.973477058,116.30217196,0,766.147303149606,40753.949525463,2011-07-29,22:47:19
39.973470936,116.302156533,0,764.424783464567,40753.949537037,2011-07-29,22:47:20
39.973476436,116.302145268,0,759.856906167979,40753.9495486111,2011-07-29,22:47:21
39.973473919,116.302132946,0,758.085777559055,40753.9495601852,2011-07-29,22:47:22
39.97347112,116.302116644,0,756.043661417323,40753.9495717593,2011-07-29,22:47:23
39.973472273,116.302101004,0,754.231581364829,40753.9495833333,2011-07-29,22:47:24
39.973450003,116.302068237,0,751.150836614173,40753.9495949074,2011-07-29,22:47:25
39.97346762,116.302062988,0,745.476049868766,40753.9496064815,2011-07-29,22:47:26
39.973467261,116.302048403,0,743.481843832021,40753.9496180556,2011-07-29,22:47:27
39.97348103,116.302040536,0,738.586115485564,40753.9496296296,2011-07-29,22:47:28
39.973471357,116.302031695,0,735.89655511811,40753.9496412037,2011-07-29,22:47:29
39.973474159,116.302022306,0,733.749458661417,40753.9496527778,2011-07-29,22:47:30
39.973477228,116.302014509,0,732.116049868766,40753.9496643519,2011-07-29,22:47:31
39.973507548,116.302015338,0,730.185121391076,40753.9496759259,2011-07-29,22:47:32
39.973521085,116.302000295,0,728.918261154856,40753.9496875,2011-07-29,22:47:33
39.973521969,116.301987135,0,726.22875,40753.9496990741,2011-07-29,22:47:34
39.973523225,116.301976632,0,724.253366141732,40753.9497106481,2011-07-29,22:47:35
39.97352071,116.301967805,0,722.274730971129,40753.9497222222,2011-07-29,22:47:36
39.973516679,116.301958843,0,715.4562335958,40753.9497337963,2011-07-29,22:47:37
39.973517367,116.301955115,0,712.134242125984,40753.9497453704,2011-07-29,22:47:38
39.973515242,116.301946521,0,710.006774934383,40753.9497569444,2011-07-29,22:47:39
39.97351274,116.3019396,0,708.317644356955,40753.9497685185,2011-07-29,22:47:40
39.97351504,116.301933453,0,704.557214566929,40753.9497800926,2011-07-29,22:47:41
39.973534567,116.301916729,0,703.487896981627,40753.9497916667,2011-07-29,22:47:42
39.973523302,116.301902754,0,698.522732939633,40753.9498032407,2011-07-29,22:47:43
39.973536284,116.301897705,0,694.876893044619,40753.9498148148,2011-07-29,22:47:44
39.973547879,116.301892642,0,691.510698818898,40753.9498263889,2011-07-29,22:47:45
39.97355935,116.301885406,0,689.914481627297,40753.949837963,2011-07-29,22:47:46
39.97357135,116.301879996,0,684.709875328084,40753.949849537,2011-07-29,22:47:47
39.973575079,116.301873711,0,684.574356955381,40753.9498611111,2011-07-29,22:47:48
39.973582563,116.301871698,0,683.198011811024,40753.9498726852,2011-07-29,22:47:49
39.973585185,116.30186711,0,681.676738845144,40753.9498842593,2011-07-29,22:47:50
39.973588553,116.301857788,0,679.341512467191,40753.9498958333,2011-07-29,22:47:51
39.973596699,116.301849146,0,676.098569553806,40753.9499074074,2011-07-29,22:47:52
39.973604561,116.301844187,0,672.533730314961,40753.9499189815,2011-07-29,22:47:53
39.973611877,116.301833444,0,669.052444225722,40753.9499305556,2011-07-29,22:47:54
39.973614127,116.301849744,0,653.889124015748,40753.9499421296,2011-07-29,22:47:55
39.973620994,116.301843871,0,650.843323490814,40753.9499537037,2011-07-29,22:47:56
39.973621335,116.301817462,0,647.087047244094,40753.9499652778,2011-07-29,22:47:57
39.97362768,116.301811972,0,644.63467847769,40753.9499768519,2011-07-29,22:47:58
39.973635726,116.301809989,0,640.078366141732,40753.9499884259,2011-07-29,22:47:59
39.973637187,116.301806656,0,636.24654855643,40753.95,2011-07-29,22:48:00
39.973642829,116.301805968,0,632.47905839895,40753.9500115741,2011-07-29,22:48:01
39.973646613,116.301802352,0,628.391978346457,40753.9500231481,2011-07-29,22:48:02
39.973642849,116.301792101,0,626.125587270341,40753.9500347222,2011-07-29,22:48:03
39.973647066,116.301786757,0,623.076630577428,40753.9500462963,2011-07-29,22:48:04
39.973909249,116.301746766,0,580.562631233596,40753.9505787037,2011-07-29,22:48:50
39.973917144,116.301742506,0,579.048766404199,40753.9505902778,2011-07-29,22:48:51
39.973929034,116.301736174,0,577.230029527559,40753.9506018519,2011-07-29,22:48:52
39.973948299,116.301729016,0,575.562726377953,40753.9506134259,2011-07-29,22:48:53
39.973964493,116.301724679,0,574.645344488189,40753.950625,2011-07-29,22:48:54
39.973987283,116.301719566,0,573.754898293963,40753.9506365741,2011-07-29,22:48:55
39.973996169,116.301711428,0,572.770085301837,40753.9506481481,2011-07-29,22:48:56
39.974005897,116.301706459,0,571.586778215223,40753.9506597222,2011-07-29,22:48:57
39.974020127,116.301699907,0,570.644419291339,40753.9506712963,2011-07-29,22:48:58
39.974030961,116.301694867,0,569.467417979003,40753.9506828704,2011-07-29,22:48:59
39.974036501,116.301694998,0,567.88562007874,40753.9506944444,2011-07-29,22:49:00
39.974043003,116.301697193,0,566.545770997375,40753.9507060185,2011-07-29,22:49:01
39.974051036,116.301702029,0,565.263041338583,40753.9507175926,2011-07-29,22:49:02
39.974047071,116.301724823,0,563.413864829396,40753.9507291667,2011-07-29,22:49:03
39.974042301,116.30174949,0,561.859852362205,40753.9507407407,2011-07-29,22:49:04
39.973947379,116.301823,0,558.247152230971,40753.9507523148,2011-07-29,22:49:05
39.973914062,116.301868005,0,555.297119422572,40753.9507638889,2011-07-29,22:49:06
39.973918343,116.30192843,0,550.91782808399,40753.950775463,2011-07-29,22:49:07
39.973933429,116.302002908,0,547.252112860892,40753.950787037,2011-07-29,22:49:08
39.973949331,116.302091645,0,544.922696850394,40753.9507986111,2011-07-29,22:49:09
39.973965537,116.302186149,0,542.663464566929,40753.9508101852,2011-07-29,22:49:10
39.97397726,116.302291752,0,540.546407480315,40753.9508217593,2011-07-29,22:49:11
39.973983292,116.302410416,0,538.556607611549,40753.9508333333,2011-07-29,22:49:12
39.974005302,116.302537556,0,534.307526246719,40753.9508449074,2011-07-29,22:49:13
39.974015513,116.302647338,0,532.468261154856,40753.9508564815,2011-07-29,22:49:14
39.974040572,116.302747339,0,526.701059711286,40753.9508680556,2011-07-29,22:49:15
39.974045368,116.302868299,0,524.871404199475,40753.9508796296,2011-07-29,22:49:16
39.974068629,116.302975873,0,520.341627296588,40753.9508912037,2011-07-29,22:49:17
39.974073584,116.303099655,0,518.770593832021,40753.9509027778,2011-07-29,22:49:18
39.974078218,116.303219615,0,517.377627952756,40753.9509143519,2011-07-29,22:49:19
39.974089902,116.303349829,0,514.386095800525,40753.9509259259,2011-07-29,22:49:20
39.974117242,116.30349598,0,511.048385826772,40753.9509375,2011-07-29,22:49:21
39.974157837,116.303632591,0,506.782280183727,40753.9509490741,2011-07-29,22:49:22
39.974198076,116.303777764,0,502.830016404199,40753.9509606481,2011-07-29,22:49:23
39.974215191,116.303900075,0,501.063540026247,40753.9509722222,2011-07-29,22:49:24
39.974269767,116.304021166,0,496.838585958005,40753.9509837963,2011-07-29,22:49:25
39.974329356,116.304137654,0,492.322575459318,40753.9509953704,2011-07-29,22:49:26
39.974385921,116.304257338,0,487.251282808399,40753.9510069444,2011-07-29,22:49:27
39.974429919,116.304352027,0,483.780958005249,40753.9510185185,2011-07-29,22:49:28
39.974458926,116.304423111,0,481.164288057743,40753.9510300926,2011-07-29,22:49:29
39.974494823,116.304492773,0,476.438467847769,40753.9510416667,2011-07-29,22:49:30
39.974509481,116.30454709,0,473.911154855643,40753.9510532407,2011-07-29,22:49:31
39.97451007,116.304581991,0,471.04812992126,40753.9510648148,2011-07-29,22:49:32
39.974524789,116.304632508,0,467.223018372703,40753.9510763889,2011-07-29,22:49:33
39.974531869,116.304653916,0,465.499146981627,40753.951087963,2011-07-29,22:49:34
39.974544037,116.304679334,0,462.682979002625,40753.951099537,2011-07-29,22:49:35
39.974551049,116.304715311,0,460.014842519685,40753.9511111111,2011-07-29,22:49:36
39.974569885,116.304747225,0,458.02749671916,40753.9511226852,2011-07-29,22:49:37
39.974579322,116.304773206,0,456.672627952756,40753.9511342593,2011-07-29,22:49:38
39.974591117,116.304791981,0,455.348999343832,40753.9511458333,2011-07-29,22:49:39
39.974599152,116.304814325,0,453.816112204724,40753.9511574074,2011-07-29,22:49:40
39.974593909,116.304832714,0,451.934744094488,40753.9511689815,2011-07-29,22:49:41
39.974594971,116.304856739,0,449.803169291339,40753.9511805556,2011-07-29,22:49:42
39.974589723,116.304881063,0,448.147030839895,40753.9511921296,2011-07-29,22:49:43
39.974593575,116.304895611,0,446.148618766404,40753.9512037037,2011-07-29,22:49:44
39.974600311,116.304902016,0,444.492529527559,40753.9512152778,2011-07-29,22:49:45
39.974597393,116.30491309,0,442.929504593176,40753.9512268519,2011-07-29,22:49:46
39.974600916,116.304919577,0,441.323727034121,40753.9512384259,2011-07-29,22:49:47
39.974604245,116.304918853,0,440.960882545932,40753.95125,2011-07-29,22:49:48
39.974607205,116.304918888,0,440.614553805774,40753.9512615741,2011-07-29,22:49:49
39.974609247,116.304925301,0,440.346774934383,40753.9512731481,2011-07-29,22:49:50
39.974611919,116.304926545,0,440.095866141732,40753.9512847222,2011-07-29,22:49:51
39.974619719,116.304929018,0,439.875495406824,40753.9512962963,2011-07-29,22:49:52
39.974625303,116.304928969,0,439.697624671916,40753.9513078704,2011-07-29,22:49:53
39.974639521,116.304924893,0,438.971981627297,40753.9513194444,2011-07-29,22:49:54
39.974656131,116.304924803,0,437.888697506562,40753.9513310185,2011-07-29,22:49:55
39.97467592,116.304939683,0,435.531446850394,40753.9513425926,2011-07-29,22:49:56
39.974676583,116.304953375,0,433.229012467192,40753.9513541667,2011-07-29,22:49:57
39.974679108,116.304960853,0,431.132929790026,40753.9513657407,2011-07-29,22:49:58
39.974679969,116.304975189,0,428.988589238845,40753.9513773148,2011-07-29,22:49:59
39.974675763,116.304981317,0,427.785259186352,40753.9513888889,2011-07-29,22:50:00
39.974662134,116.304990123,0,426.503077427822,40753.951400463,2011-07-29,22:50:01
39.974655507,116.305001192,0,424.841282808399,40753.951412037,2011-07-29,22:50:02
39.974649276,116.305015402,0,422.630209973753,40753.9514236111,2011-07-29,22:50:03
39.974642779,116.305031706,0,421.676637139108,40753.9514351852,2011-07-29,22:50:04
39.974635869,116.305050948,0,420.547043963255,40753.9514467593,2011-07-29,22:50:05
39.974624367,116.305069752,0,419.456978346457,40753.9514583333,2011-07-29,22:50:06
39.974632004,116.305088547,0,418.324432414698,40753.9514699074,2011-07-29,22:50:07
39.974632921,116.305117167,0,417.492883858268,40753.9514814815,2011-07-29,22:50:08
39.974625831,116.305163595,0,416.02405183727,40753.9514930556,2011-07-29,22:50:09
39.974640928,116.305204531,0,413.781788057743,40753.9515046296,2011-07-29,22:50:10
39.974662987,116.305239408,0,411.21032152231,40753.9515162037,2011-07-29,22:50:11
39.974653036,116.305293214,0,410.080757874016,40753.9515277778,2011-07-29,22:50:12
39.974635637,116.305345984,0,408.668392388451,40753.9515393519,2011-07-29,22:50:13
39.974619623,116.30539915,0,406.940039370079,40753.9515509259,2011-07-29,22:50:14
39.974613858,116.305430054,0,406.316446850394,40753.9515625,2011-07-29,22:50:15
39.974605051,116.305464716,0,405.399393044619,40753.9515740741,2011-07-29,22:50:16
39.97458077,116.305507982,0,404.467644356955,40753.9515856481,2011-07-29,22:50:17
39.974576168,116.305544067,0,403.7543667979,40753.9515972222,2011-07-29,22:50:18
39.974574683,116.30557782,0,402.537942913386,40753.9516087963,2011-07-29,22:50:19
39.974581227,116.305604087,0,401.870446194226,40753.9516203704,2011-07-29,22:50:20
39.97458309,116.305633421,0,401.833353018373,40753.9516319444,2011-07-29,22:50:21
39.974569437,116.305683771,0,401.098346456693,40753.9516435185,2011-07-29,22:50:22
39.97455978,116.305729795,0,401.133838582677,40753.9516550926,2011-07-29,22:50:23
39.974542691,116.305782016,0,401.094015748032,40753.9516666667,2011-07-29,22:50:24
39.974550138,116.305867012,0,399.606433727034,40753.9516782407,2011-07-29,22:50:25
39.974559708,116.305964152,0,396.747089895013,40753.9516898148,2011-07-29,22:50:26
39.974571999,116.306065928,0,395.016082677165,40753.9517013889,2011-07-29,22:50:27
39.974571605,116.306174833,0,393.230082020997,40753.951712963,2011-07-29,22:50:28
39.974575767,116.30628132,0,391.136430446194,40753.951724537,2011-07-29,22:50:29
39.974552323,116.30639862,0,386.345380577428,40753.9517361111,2011-07-29,22:50:30
39.974519939,116.306527427,0,381.144251968504,40753.9517476852,2011-07-29,22:50:31
39.974523244,116.306658614,0,377.662414698163,40753.9517592593,2011-07-29,22:50:32
39.974536373,116.306787754,0,375.089471784777,40753.9517708333,2011-07-29,22:50:33
39.974552296,116.306926813,0,372.965354330709,40753.9517824074,2011-07-29,22:50:34
39.974565672,116.307072244,0,370.688727034121,40753.9517939815,2011-07-29,22:50:35
39.97457815,116.30721034,0,368.579829396325,40753.9518055556,2011-07-29,22:50:36
39.974604299,116.307360549,0,366.948546587927,40753.9518171296,2011-07-29,22:50:37
39.974598219,116.307510635,0,362.849524278215,40753.9518287037,2011-07-29,22:50:38
39.974613961,116.307649769,0,360.576624015748,40753.9518402778,2011-07-29,22:50:39
39.974632867,116.307774776,0,359.087066929134,40753.9518518519,2011-07-29,22:50:40
39.974650293,116.307892623,0,356.995764435695,40753.9518634259,2011-07-29,22:50:41
39.9746605,116.308020616,0,355.052972440945,40753.951875,2011-07-29,22:50:42
39.974678719,116.308163096,0,353.531272965879,40753.9518865741,2011-07-29,22:50:43
39.974709943,116.308324668,0,351.869704724409,40753.9518981481,2011-07-29,22:50:44
39.974718268,116.308483819,0,350.459491469816,40753.9519097222,2011-07-29,22:50:45
39.974728044,116.30863819,0,348.564409448819,40753.9519212963,2011-07-29,22:50:46
39.97473947,116.308788049,0,347.015426509186,40753.9519328704,2011-07-29,22:50:47
39.974750092,116.308939281,0,345.599130577428,40753.9519444444,2011-07-29,22:50:48
39.974761004,116.30909411,0,343.904343832021,40753.9519560185,2011-07-29,22:50:49
39.974762578,116.309265455,0,341.735600393701,40753.9519675926,2011-07-29,22:50:50
39.974757755,116.309425957,0,338.704393044619,40753.9519791667,2011-07-29,22:50:51
39.974756247,116.309584429,0,337.679406167979,40753.9519907407,2011-07-29,22:50:52
39.97470607,116.309765034,0,338.448225065617,40753.9520023148,2011-07-29,22:50:53
39.974707905,116.309927074,0,337.588667979003,40753.9520138889,2011-07-29,22:50:54
39.974721231,116.310080331,0,335.953579396325,40753.952025463,2011-07-29,22:50:55
39.974749397,116.310301657,0,328.659924540682,40753.952037037,2011-07-29,22:50:56
39.974753509,116.31047293,0,325.618179133858,40753.9520486111,2011-07-29,22:50:57
39.974760382,116.310620525,0,324.206791338583,40753.9520601852,2011-07-29,22:50:58
39.974744536,116.310751018,0,322.087755905512,40753.9520717593,2011-07-29,22:50:59
39.974731846,116.310843436,0,316.581076115486,40753.9520833333,2011-07-29,22:51:00
39.974735958,116.310914791,0,315.186683070866,40753.9520949074,2011-07-29,22:51:01
39.974730218,116.310987897,0,314.001899606299,40753.9521064815,2011-07-29,22:51:02
39.974728693,116.311063768,0,312.783225065617,40753.9521180556,2011-07-29,22:51:03
39.974729171,116.311146295,0,311.338818897638,40753.9521296296,2011-07-29,22:51:04
39.974696752,116.311243048,0,304.339202755905,40753.9521412037,2011-07-29,22:51:05
39.974662667,116.311344232,0,298.548244750656,40753.9521527778,2011-07-29,22:51:06
39.974660107,116.311449589,0,295.842414698163,40753.9521643519,2011-07-29,22:51:07
39.974654652,116.311570391,0,291.272237532808,40753.9521759259,2011-07-29,22:51:08
39.974651891,116.311690071,0,288.331463254593,40753.9521875,2011-07-29,22:51:09
39.974646782,116.311801759,0,285.945150918635,40753.9521990741,2011-07-29,22:51:10
39.974646982,116.311920854,0,284.217851049869,40753.9522106481,2011-07-29,22:51:11
39.974648343,116.312038447,0,282.952667322835,40753.9522222222,2011-07-29,22:51:12
39.9746536,116.312158111,0,281.564757217848,40753.9522337963,2011-07-29,22:51:13
39.974660296,116.312279992,0,280.322729658793,40753.9522453704,2011-07-29,22:51:14
39.974656505,116.312387183,0,279.217040682415,40753.9522569444,2011-07-29,22:51:15
39.974644459,116.312487049,0,278.104120734908,40753.9522685185,2011-07-29,22:51:16
39.97464352,116.312570738,0,276.128087270341,40753.9522800926,2011-07-29,22:51:17
39.974648543,116.312632171,0,274.562660761155,40753.9522916667,2011-07-29,22:51:18
39.97464203,116.312683969,0,273.107595144357,40753.9523032407,2011-07-29,22:51:19
39.974642395,116.312725028,0,271.795577427822,40753.9523148148,2011-07-29,22:51:20
39.97465188,116.312780566,0,270.568143044619,40753.9523263889,2011-07-29,22:51:21
39.97465521,116.312835053,0,269.311745406824,40753.952337963,2011-07-29,22:51:22
39.974661304,116.312896161,0,267.30657480315,40753.952349537,2011-07-29,22:51:23
39.974655831,116.312949039,0,266.687939632546,40753.9523611111,2011-07-29,22:51:24
39.974840243,116.313191979,0,284.006640419947,40753.9529513889,2011-07-29,22:52:15
39.974848051,116.313243504,0,284.187237532808,40753.952962963,2011-07-29,22:52:16
39.974851754,116.313305693,0,284.715137795276,40753.952974537,2011-07-29,22:52:17
39.974857976,116.313386146,0,285.184914698163,40753.9529861111,2011-07-29,22:52:18
39.974849398,116.313481649,0,286.405544619423,40753.9529976852,2011-07-29,22:52:19
39.974833959,116.313588337,0,290.395456036745,40753.9530092593,2011-07-29,22:52:20
39.974847196,116.313679972,0,291.529501312336,40753.9530208333,2011-07-29,22:52:21
39.974864253,116.313783204,0,292.73656496063,40753.9530324074,2011-07-29,22:52:22
39.974862109,116.313894756,0,294.397460629921,40753.9530439815,2011-07-29,22:52:23
39.974874248,116.31400185,0,295.590754593176,40753.9530555556,2011-07-29,22:52:24
39.974885857,116.314108218,0,295.666922572178,40753.9530671296,2011-07-29,22:52:25
39.974895916,116.31420852,0,295.602942913386,40753.9530787037,2011-07-29,22:52:26
39.9749052,116.314330024,0,295.706469816273,40753.9530902778,2011-07-29,22:52:27
39.974911959,116.314464972,0,295.986765091864,40753.9531018519,2011-07-29,22:52:28
39.97491788,116.314589822,0,296.262004593176,40753.9531134259,2011-07-29,22:52:29
39.974931906,116.314717715,0,296.852759186352,40753.953125,2011-07-29,22:52:30
39.974952046,116.314848,0,297.447014435696,40753.9531365741,2011-07-29,22:52:31
39.974970831,116.3149714,0,298.152959317585,40753.9531481481,2011-07-29,22:52:32
39.974992147,116.315092674,0,298.695977690289,40753.9531597222,2011-07-29,22:52:33
39.974998506,116.315219039,0,299.44437335958,40753.9531712963,2011-07-29,22:52:34
39.974995566,116.3153603,0,299.915679133858,40753.9531828704,2011-07-29,22:52:35
39.974978689,116.315495801,0,300.647582020997,40753.9531944444,2011-07-29,22:52:36
39.974968773,116.31562199,0,300.830856299213,40753.9532060185,2011-07-29,22:52:37
39.974938976,116.315749244,0,301.212752624672,40753.9532175926,2011-07-29,22:52:38
39.974922159,116.315868543,0,301.581706036745,40753.9532291667,2011-07-29,22:52:39
39.974920171,116.315983865,0,302.222519685039,40753.9532407407,2011-07-29,22:52:40
39.974916544,116.316100941,0,302.607342519685,40753.9532523148,2011-07-29,22:52:41
39.974907231,116.316227626,0,303.152890419947,40753.9532638889,2011-07-29,22:52:42
39.974904277,116.316346053,0,303.353362860892,40753.953275463,2011-07-29,22:52:43
39.974891876,116.316468004,0,303.428681102362,40753.953287037,2011-07-29,22:52:44
39.974872698,116.316590797,0,303.728474409449,40753.9532986111,2011-07-29,22:52:45
39.974863049,116.316720497,0,303.681315616798,40753.9533101852,2011-07-29,22:52:46
39.974855236,116.316850932,0,303.693854986877,40753.9533217593,2011-07-29,22:52:47
39.974856475,116.316994295,0,303.807270341207,40753.9533333333,2011-07-29,22:52:48
39.974869487,116.317128292,0,304.037027559055,40753.9533449074,2011-07-29,22:52:49
39.974866783,116.317262463,0,304.427683727034,40753.9533564815,2011-07-29,22:52:50
39.97486015,116.317406506,0,304.824622703412,40753.9533680556,2011-07-29,22:52:51
39.974864173,116.317539893,0,305.274025590551,40753.9533796296,2011-07-29,22:52:52
39.974854527,116.31764561,0,305.70343175853,40753.9533912037,2011-07-29,22:52:53
39.97485492,116.317724318,0,306.097690288714,40753.9534027778,2011-07-29,22:52:54
39.974863271,116.317786366,0,306.528146325459,40753.9534143518,2011-07-29,22:52:55
39.974849977,116.317857366,0,305.996141732283,40753.9534259259,2011-07-29,22:52:56
39.97484987,116.317911903,0,306.281391076115,40753.9534375,2011-07-29,22:52:57
39.974847737,116.317967548,0,306.66967191601,40753.9534490741,2011-07-29,22:52:58
39.974849982,116.318015731,0,306.676604330709,40753.9534606481,2011-07-29,22:52:59
39.974824249,116.318065345,0,305.451820866142,40753.9534722222,2011-07-29,22:53:00
39.974796491,116.318104689,0,304.526683070866,40753.9534837963,2011-07-29,22:53:01
39.97477659,116.318155518,0,302.787716535433,40753.9534953704,2011-07-29,22:53:02
39.974757401,116.318193071,0,301.654872047244,40753.9535069444,2011-07-29,22:53:03
39.974737766,116.318210054,0,300.656341863517,40753.9535185185,2011-07-29,22:53:04
39.974711275,116.318226354,0,298.597457349081,40753.9535300926,2011-07-29,22:53:05
39.97469794,116.318252599,0,296.862145669291,40753.9535416667,2011-07-29,22:53:06
39.974948898,116.318353222,0,260.684396325459,40753.9540162037,2011-07-29,22:53:47
39.974964476,116.318356223,0,259.666893044619,40753.9540277778,2011-07-29,22:53:48
39.974987518,116.318351582,0,258.405164041995,40753.9540393518,2011-07-29,22:53:49
39.975002364,116.318351398,0,257.062962598425,40753.9540509259,2011-07-29,22:53:50
39.975017202,116.318358912,0,255.673549868766,40753.9540625,2011-07-29,22:53:51
39.975020651,116.318369325,0,253.674087926509,40753.9540740741,2011-07-29,22:53:52
39.975028729,116.318381918,0,253.38312992126,40753.9540856481,2011-07-29,22:53:53
39.975037015,116.318396217,0,251.694501312336,40753.9540972222,2011-07-29,22:53:54
39.975053104,116.31842227,0,249.488710629921,40753.9541087963,2011-07-29,22:53:55
39.975059911,116.318445775,0,248.113090551181,40753.9541203704,2011-07-29,22:53:56
39.975067977,116.318454601,0,246.752965879265,40753.9541319444,2011-07-29,22:53:57
39.975075317,116.318453299,0,246.14156496063,40753.9541435185,2011-07-29,22:53:58
39.975084754,116.318461398,0,244.549852362205,40753.9541550926,2011-07-29,22:53:59
39.975088914,116.318469076,0,243.592224409449,40753.9541666667,2011-07-29,22:54:00
39.975104084,116.318466371,0,242.54688648294,40753.9541782407,2011-07-29,22:54:01
39.975118589,116.318460782,0,241.447358923884,40753.9541898148,2011-07-29,22:54:02
39.975135048,116.318456305,0,240.295364173228,40753.9542013889,2011-07-29,22:54:03
39.975147151,116.318462021,0,238.747283464567,40753.954212963,2011-07-29,22:54:04
39.975170529,116.31847265,0,235.307073490814,40753.954224537,2011-07-29,22:54:05
39.975139811,116.318530275,0,228.433782808399,40753.9542361111,2011-07-29,22:54:06
39.975142372,116.318567542,0,226.404160104987,40753.9542476852,2011-07-29,22:54:07
39.975145519,116.318608682,0,223.904107611549,40753.9542592593,2011-07-29,22:54:08
39.975155141,116.318667165,0,220.552854330709,40753.9542708333,2011-07-29,22:54:09
39.975152298,116.318722615,0,217.293139763779,40753.9542824074,2011-07-29,22:54:10
39.975162962,116.318785375,0,214.830757874016,40753.9542939815,2011-07-29,22:54:11
39.975173222,116.318849819,0,213.138599081365,40753.9543055556,2011-07-29,22:54:12
39.97518013,116.318919976,0,212.383195538058,40753.9543171296,2011-07-29,22:54:13
39.975188749,116.318993218,0,211.467969160105,40753.9543287037,2011-07-29,22:54:14
39.97518098,116.319070881,0,210.340580708661,40753.9543402778,2011-07-29,22:54:15
39.975179603,116.319162009,0,209.257096456693,40753.9543518518,2011-07-29,22:54:16
39.975167245,116.319255916,0,208.601099081365,40753.9543634259,2011-07-29,22:54:17
39.975167152,116.319338123,0,206.497421259843,40753.954375,2011-07-29,22:54:18
39.975149661,116.31945659,0,205.077375328084,40753.9543865741,2011-07-29,22:54:19
39.975146805,116.319546139,0,202.877664041995,40753.9543981481,2011-07-29,22:54:20
39.975120005,116.319660133,0,202.660574146982,40753.9544097222,2011-07-29,22:54:21
39.975095976,116.319770802,0,202.476745406824,40753.9544212963,2011-07-29,22:54:22
39.975099266,116.319872927,0,202.717591863517,40753.9544328704,2011-07-29,22:54:23
39.975081181,116.319980351,0,203.579078083989,40753.9544444444,2011-07-29,22:54:24
39.975076397,116.320065998,0,203.755659448819,40753.9544560185,2011-07-29,22:54:25
39.975059603,116.320153948,0,205.220088582677,40753.9544675926,2011-07-29,22:54:26
39.975060894,116.320222803,0,206.759196194226,40753.9544791667,2011-07-29,22:54:27
39.975050182,116.320268538,0,208.721085958005,40753.9544907407,2011-07-29,22:54:28
39.97504422,116.320289635,0,210.844225721785,40753.9545023148,2011-07-29,22:54:29
39.975037617,116.320300211,0,213.553661417323,40753.9545138889,2011-07-29,22:54:30
39.975026065,116.320305013,0,215.798198818898,40753.954525463,2011-07-29,22:54:31
39.975020791,116.320311014,0,215.490272309711,40753.954537037,2011-07-29,22:54:32
39.975005992,116.320316735,0,216.785190288714,40753.9545486111,2011-07-29,22:54:33
39.975005732,116.320318193,0,216.89937992126,40753.9545601852,2011-07-29,22:54:34
39.975006038,116.320320271,0,217.011968503937,40753.9545717593,2011-07-29,22:54:35
39.975007671,116.320323916,0,217.032043963255,40753.9545833333,2011-07-29,22:54:36
39.975010743,116.32033059,0,217.048415354331,40753.9545949074,2011-07-29,22:54:37
39.975014014,116.320337293,0,217.072119422572,40753.9546064815,2011-07-29,22:54:38
39.975010511,116.320369109,0,216.428251312336,40753.9546180556,2011-07-29,22:54:39
39.974996802,116.320410747,0,214.393694225722,40753.9546296296,2011-07-29,22:54:40
39.974990969,116.32045985,0,213.061906167979,40753.9546412037,2011-07-29,22:54:41
39.974995098,116.32052791,0,212.156942257218,40753.9546527778,2011-07-29,22:54:42
39.974991251,116.320594878,0,211.059514435696,40753.9546643518,2011-07-29,22:54:43
39.974989389,116.320666868,0,211.073257874016,40753.9546759259,2011-07-29,22:54:44
39.974975427,116.320744912,0,211.464163385827,40753.9546875,2011-07-29,22:54:45
39.974962032,116.32082043,0,211.89624671916,40753.9546990741,2011-07-29,22:54:46
39.974946866,116.320898629,0,211.846459973753,40753.9547106481,2011-07-29,22:54:47
39.974947754,116.3209906,0,211.469970472441,40753.9547222222,2011-07-29,22:54:48
39.974971737,116.321093219,0,210.612240813648,40753.9547337963,2011-07-29,22:54:49
39.975017702,116.3212377,0,205.1843667979,40753.9547453704,2011-07-29,22:54:50
39.975013759,116.321373444,0,207.679954068241,40753.9547569444,2011-07-29,22:54:51
39.975022056,116.321499256,0,208.215026246719,40753.9547685185,2011-07-29,22:54:52
39.97500822,116.321642436,0,209.648090551181,40753.9547800926,2011-07-29,22:54:53
39.97499922,116.321762301,0,210.719547244094,40753.9547916667,2011-07-29,22:54:54
39.974987774,116.321869635,0,212.308103674541,40753.9548032407,2011-07-29,22:54:55
39.974987923,116.321987551,0,212.492431102362,40753.9548148148,2011-07-29,22:54:56
39.974999828,116.322097884,0,215.223166010499,40753.9548263889,2011-07-29,22:54:57
39.975005117,116.322218947,0,215.100239501312,40753.954837963,2011-07-29,22:54:58
39.975014357,116.322340643,0,215.408169291339,40753.954849537,2011-07-29,22:54:59
39.975015965,116.322470488,0,215.582135826772,40753.9548611111,2011-07-29,22:55:00
39.975017024,116.322597929,0,215.736473097113,40753.9548726852,2011-07-29,22:55:01
39.975023239,116.322722241,0,214.748382545932,40753.9548842593,2011-07-29,22:55:02
39.975026749,116.322855069,0,213.696738845144,40753.9548958333,2011-07-29,22:55:03
39.974991139,116.323016401,0,213.48124671916,40753.9549074074,2011-07-29,22:55:04
39.974993381,116.323151686,0,212.261771653543,40753.9549189815,2011-07-29,22:55:05
39.974991962,116.323275597,0,212.313510498688,40753.9549305556,2011-07-29,22:55:06
39.974988203,116.323396721,0,212.006532152231,40753.9549421296,2011-07-29,22:55:07
39.974945295,116.323553927,0,212.279616141732,40753.9549537037,2011-07-29,22:55:08
39.974948083,116.323679069,0,212.131059711286,40753.9549652778,2011-07-29,22:55:09
39.974942466,116.323804402,0,212.159393044619,40753.9549768518,2011-07-29,22:55:10
39.974944664,116.323928895,0,212.030734908136,40753.9549884259,2011-07-29,22:55:11
39.974952466,116.324053249,0,211.923103674541,40753.955,2011-07-29,22:55:12
39.9749571,116.324183314,0,211.510570866142,40753.9550115741,2011-07-29,22:55:13
39.974962723,116.324308018,0,211.066272965879,40753.9550231481,2011-07-29,22:55:14
39.974962361,116.324441284,0,209.641430446194,40753.9550347222,2011-07-29,22:55:15
39.974949496,116.324557492,0,208.512440944882,40753.9550462963,2011-07-29,22:55:16
39.97494369,116.324679367,0,207.903592519685,40753.9550578704,2011-07-29,22:55:17
39.974940026,116.324824258,0,207.216709317585,40753.9550694444,2011-07-29,22:55:18
39.974942593,116.324974888,0,205.439872047244,40753.9550810185,2011-07-29,22:55:19
39.974938396,116.325127252,0,203.890022965879,40753.9550925926,2011-07-29,22:55:20
39.974954331,116.325290767,0,201.811840551181,40753.9551041667,2011-07-29,22:55:21
39.974948099,116.325436351,0,200.800659448819,40753.9551157407,2011-07-29,22:55:22
39.974922741,116.32560546,0,200.800246062992,40753.9551273148,2011-07-29,22:55:23
39.974915085,116.325732397,0,202.098316929134,40753.9551388889,2011-07-29,22:55:24
39.974921446,116.32586144,0,202.543192257218,40753.955150463,2011-07-29,22:55:25
39.974928749,116.325994733,0,203.237244094488,40753.955162037,2011-07-29,22:55:26
39.974938025,116.326128615,0,203.912588582677,40753.9551736111,2011-07-29,22:55:27
39.974935449,116.326268239,0,205.517414698163,40753.9551851852,2011-07-29,22:55:28
39.974946467,116.326406399,0,206.257214566929,40753.9551967593,2011-07-29,22:55:29
39.974964728,116.326545267,0,206.51312992126,40753.9552083333,2011-07-29,22:55:30
39.974993506,116.326678195,0,205.81907480315,40753.9552199074,2011-07-29,22:55:31
39.975017585,116.326797957,0,205.547654199475,40753.9552314815,2011-07-29,22:55:32
39.975058264,116.32688965,0,211.993513779528,40753.9552430556,2011-07-29,22:55:33
39.975063643,116.327015044,0,211.866233595801,40753.9552546296,2011-07-29,22:55:34
39.97501381,116.327167026,0,202.861971784777,40753.9552662037,2011-07-29,22:55:35
39.975022334,116.327281501,0,202.401653543307,40753.9552777778,2011-07-29,22:55:36
39.975010715,116.327383127,0,203.154255249344,40753.9552893518,2011-07-29,22:55:37
39.975000529,116.327468254,0,203.612158792651,40753.9553009259,2011-07-29,22:55:38
39.974991031,116.327534015,0,203.588064304462,40753.9553125,2011-07-29,22:55:39
39.974985292,116.327596639,0,203.71876312336,40753.9553240741,2011-07-29,22:55:40
39.974986909,116.327661559,0,204.230255905512,40753.9553356481,2011-07-29,22:55:41
39.975005944,116.32774047,0,203.255869422572,40753.9553472222,2011-07-29,22:55:42
39.975027491,116.327841012,0,201.997782152231,40753.9553587963,2011-07-29,22:55:43
39.975038742,116.327916109,0,201.370183727034,40753.9553703704,2011-07-29,22:55:44
39.975065409,116.327992063,0,200.574202755906,40753.9553819444,2011-07-29,22:55:45
39.97509219,116.328062818,0,200.144537401575,40753.9553935185,2011-07-29,22:55:46
39.975122081,116.328133591,0,199.277657480315,40753.9554050926,2011-07-29,22:55:47
39.975143971,116.32819187,0,199.209812992126,40753.9554166667,2011-07-29,22:55:48
39.975144834,116.328268228,0,198.768067585302,40753.9554282407,2011-07-29,22:55:49
39.975161668,116.328326178,0,197.863316929134,40753.9554398148,2011-07-29,22:55:50
39.975164305,116.328381148,0,197.224429133858,40753.9554513889,2011-07-29,22:55:51
39.975164382,116.328442206,0,196.025114829396,40753.955462963,2011-07-29,22:55:52
39.975162921,116.328508941,0,195.472260498688,40753.955474537,2011-07-29,22:55:53
39.975146266,116.328598356,0,195.25998687664,40753.9554861111,2011-07-29,22:55:54
39.975152716,116.328671021,0,193.890987532808,40753.9554976852,2011-07-29,22:55:55
39.975144101,116.328747714,0,192.500774278215,40753.9555092593,2011-07-29,22:55:56
39.975122826,116.328837149,0,192.318100393701,40753.9555208333,2011-07-29,22:55:57
39.975101758,116.328916559,0,192.009770341207,40753.9555324074,2011-07-29,22:55:58
39.975084039,116.328973918,0,191.530580708661,40753.9555439815,2011-07-29,22:55:59
39.97507679,116.329038512,0,190.106115485564,40753.9555555556,2011-07-29,22:56:00
39.975340517,116.329049265,0,191.377880577428,40753.9576736111,2011-07-29,22:59:03
39.975351621,116.329049888,0,192.529822834646,40753.9576851852,2011-07-29,22:59:04
39.975336339,116.329040582,0,193.416066272966,40753.9576967593,2011-07-29,22:59:05
39.975329342,116.329032639,0,194.144498031496,40753.9577083333,2011-07-29,22:59:06
39.975320005,116.329022275,0,193.744219160105,40753.9577199074,2011-07-29,22:59:07
39.975319131,116.329020743,0,193.845419947507,40753.9577314815,2011-07-29,22:59:08
39.975319932,116.329020024,0,193.906443569554,40753.9577430556,2011-07-29,22:59:09
39.975333243,116.329018107,0,194.31155511811,40753.9577546296,2011-07-29,22:59:10
39.975345648,116.329022611,0,193.425764435696,40753.9577662037,2011-07-29,22:59:11
39.975361166,116.329023451,0,192.986309055118,40753.9577777778,2011-07-29,22:59:12
39.975368154,116.329024948,0,192.432014435696,40753.9577893519,2011-07-29,22:59:13
39.975340842,116.329028876,0,191.213038057743,40753.9578009259,2011-07-29,22:59:14
39.975255641,116.329033838,0,186.502975721785,40753.9578125,2011-07-29,22:59:15
39.975240992,116.329039947,0,187.708648293963,40753.9578240741,2011-07-29,22:59:16
39.975242899,116.329043496,0,187.85624343832,40753.9578356481,2011-07-29,22:59:17
39.975245523,116.329048148,0,187.79032480315,40753.9578472222,2011-07-29,22:59:18
39.975244214,116.329049452,0,187.749950787402,40753.9578587963,2011-07-29,22:59:19
39.975243133,116.329050715,0,187.703369422572,40753.9578703704,2011-07-29,22:59:20
39.975242153,116.329051966,0,187.657385170604,40753.9578819444,2011-07-29,22:59:21
39.975241537,116.329052719,0,187.609301181102,40753.9578935185,2011-07-29,22:59:22
39.975243077,116.32905307,0,187.586686351706,40753.9579050926,2011-07-29,22:59:23
39.975239161,116.329054463,0,187.446738845144,40753.9579166667,2011-07-29,22:59:24
39.975236381,116.329055919,0,186.906673228346,40753.9579282407,2011-07-29,22:59:25
39.975235107,116.329051607,0,186.833658136483,40753.9579398148,2011-07-29,22:59:26
39.975213009,116.329039321,0,182.843008530184,40753.9579513889,2011-07-29,22:59:27
39.975115919,116.329076894,0,185.561479658793,40753.957962963,2011-07-29,22:59:28
39.975141836,116.329112279,0,181.010400262467,40753.957974537,2011-07-29,22:59:29
39.975149483,116.329123092,0,185.038287401575,40753.9579861111,2011-07-29,22:59:30
39.97513913,116.329136121,0,185.509202755906,40753.9579976852,2011-07-29,22:59:31
39.975123883,116.329144119,0,187.284977034121,40753.9580092593,2011-07-29,22:59:32
39.97513466,116.329142109,0,186.956584645669,40753.9580208333,2011-07-29,22:59:33
39.975079669,116.32913772,0,180.456207349081,40753.9580324074,2011-07-29,22:59:34
39.975075251,116.329137768,0,179.532217847769,40753.9580439815,2011-07-29,22:59:35
39.97508349,116.3291363,0,180.167624671916,40753.9580555556,2011-07-29,22:59:36
39.975086334,116.329137105,0,179.889156824147,40753.9580671296,2011-07-29,22:59:37
39.975089789,116.329137382,0,179.635784120735,40753.9580787037,2011-07-29,22:59:38
39.975090834,116.329139579,0,179.84312664042,40753.9580902778,2011-07-29,22:59:39
39.975091654,116.329142362,0,179.999619422572,40753.9581018519,2011-07-29,22:59:40
39.975116929,116.329135887,0,178.871181102362,40753.9581134259,2011-07-29,22:59:41
39.975111694,116.329129716,0,180.085836614173,40753.958125,2011-07-29,22:59:42
39.975118222,116.329117797,0,182.944133858268,40753.9581365741,2011-07-29,22:59:43
39.975120889,116.32912652,0,182.046338582677,40753.9581481481,2011-07-29,22:59:44
39.975125602,116.3291244,0,182.176200787402,40753.9581597222,2011-07-29,22:59:45
39.975131367,116.329123844,0,182.158602362205,40753.9581712963,2011-07-29,22:59:46
39.975136595,116.329123839,0,181.937631233596,40753.9581828704,2011-07-29,22:59:47
39.97513791,116.329124405,0,182.014875328084,40753.9581944444,2011-07-29,22:59:48
39.975140326,116.329125982,0,182.058090551181,40753.9582060185,2011-07-29,22:59:49
39.975218687,116.32911545,0,173.170183727034,40753.9582175926,2011-07-29,22:59:50
39.975212194,116.329106658,0,174.457732939633,40753.9582291667,2011-07-29,22:59:51
39.975209738,116.329108811,0,173.835715223097,40753.9582407407,2011-07-29,22:59:52
39.975217812,116.329109648,0,174.105836614173,40753.9582523148,2011-07-29,22:59:53
39.975247314,116.329094717,0,172.83812664042,40753.9582638889,2011-07-29,22:59:54
39.97526096,116.329096055,0,172.655049212598,40753.958275463,2011-07-29,22:59:55
39.975267547,116.329096835,0,172.557942913386,40753.958287037,2011-07-29,22:59:56
39.975274276,116.329097369,0,172.615564304462,40753.9582986111,2011-07-29,22:59:57
39.975275555,116.329099164,0,172.749028871391,40753.9583101852,2011-07-29,22:59:58
39.975267121,116.329105884,0,172.816938976378,40753.9583217593,2011-07-29,22:59:59
39.975265993,116.329109205,0,172.859727690289,40753.9583333333,2011-07-29,23:00:00
39.975262195,116.329115805,0,172.913769685039,40753.9583449074,2011-07-29,23:00:01
39.975259698,116.329127271,0,172.9456332021,40753.9583564815,2011-07-29,23:00:02
39.975256167,116.329118816,0,172.483001968504,40753.9583680556,2011-07-29,23:00:03
39.975260407,116.329123285,0,172.439960629921,40753.9583796296,2011-07-29,23:00:04
39.975257256,116.329128195,0,172.567755905512,40753.9583912037,2011-07-29,23:00:05
39.975275139,116.329130344,0,172.978848425197,40753.9584027778,2011-07-29,23:00:06
39.975335597,116.329127303,0,171.218569553806,40753.9584143519,2011-07-29,23:00:07
39.975338658,116.329129995,0,171.354350393701,40753.9584259259,2011-07-29,23:00:08
39.975364611,116.329081932,0,171.345862860892,40753.9584375,2011-07-29,23:00:09
39.975375776,116.329076691,0,171.963074146982,40753.9584490741,2011-07-29,23:00:10
39.975392511,116.329073808,0,172.962089895013,40753.9584606481,2011-07-29,23:00:11
39.975399671,116.329077227,0,173.368202099738,40753.9584722222,2011-07-29,23:00:12
39.975406641,116.329076071,0,173.385974409449,40753.9584837963,2011-07-29,23:00:13
39.975408884,116.329078524,0,173.817381889764,40753.9584953704,2011-07-29,23:00:14
39.975413575,116.329074186,0,173.71843503937,40753.9585069444,2011-07-29,23:00:15
39.975429283,116.329072135,0,173.057985564304,40753.9585185185,2011-07-29,23:00:16
39.975445524,116.329067225,0,171.890183727034,40753.9585300926,2011-07-29,23:00:17
39.975500784,116.329058192,0,172.465203412073,40753.9585416667,2011-07-29,23:00:18
39.975513457,116.32904862,0,173.639914698163,40753.9585532407,2011-07-29,23:00:19
39.975520603,116.329046987,0,172.970400262467,40753.9585648148,2011-07-29,23:00:20
39.975520289,116.32902918,0,175.355364173228,40753.9585763889,2011-07-29,23:00:21
39.975524972,116.329021559,0,176.146725721785,40753.958587963,2011-07-29,23:00:22
39.975527703,116.329012968,0,177.009399606299,40753.958599537,2011-07-29,23:00:23
39.975546619,116.328995034,0,179.457828083989,40753.9586111111,2011-07-29,23:00:24
39.975555353,116.328986645,0,179.904452099738,40753.9586226852,2011-07-29,23:00:25
39.97556663,116.328978061,0,180.243471128609,40753.9586342593,2011-07-29,23:00:26
39.9755986,116.328965253,0,183.74092519685,40753.9586458333,2011-07-29,23:00:27
39.975606648,116.328967993,0,184.07468832021,40753.9586574074,2011-07-29,23:00:28
39.975609406,116.328975341,0,184.083950131234,40753.9586689815,2011-07-29,23:00:29
39.975612634,116.328979816,0,184.087440944882,40753.9586805556,2011-07-29,23:00:30
39.975609409,116.328967619,0,185.372585301837,40753.9586921296,2011-07-29,23:00:31
39.975612447,116.32897341,0,185.573169291339,40753.9587037037,2011-07-29,23:00:32
39.975616138,116.328980574,0,185.820436351706,40753.9587152778,2011-07-29,23:00:33
39.975643175,116.328969921,0,186.142483595801,40753.9587268519,2011-07-29,23:00:34
39.975654942,116.328969327,0,187.086184383202,40753.9587384259,2011-07-29,23:00:35
39.975657829,116.32897297,0,187.039461942257,40753.95875,2011-07-29,23:00:36
39.975670281,116.328966054,0,187.984750656168,40753.9587615741,2011-07-29,23:00:37
39.975681379,116.32896164,0,188.870718503937,40753.9587731481,2011-07-29,23:00:38
39.975683989,116.328961707,0,189.007985564304,40753.9587847222,2011-07-29,23:00:39
39.975686101,116.328961568,0,189.060150918635,40753.9587962963,2011-07-29,23:00:40
39.975687591,116.328963838,0,189.296115485564,40753.9588078704,2011-07-29,23:00:41
39.975676986,116.32897009,0,189.459179790026,40753.9588194444,2011-07-29,23:00:42
39.975683741,116.328967235,0,189.573494094488,40753.9588310185,2011-07-29,23:00:43
39.97567481,116.328974446,0,190.712296587927,40753.9588425926,2011-07-29,23:00:44
39.975675975,116.328975174,0,190.909465223097,40753.9588541667,2011-07-29,23:00:45
39.975676575,116.328978776,0,191.150725065617,40753.9588657407,2011-07-29,23:00:46
39.975674762,116.328979182,0,191.17969816273,40753.9588773148,2011-07-29,23:00:47
39.975673522,116.328979265,0,191.211788057743,40753.9588888889,2011-07-29,23:00:48
39.975672173,116.328978435,0,191.240547900262,40753.958900463,2011-07-29,23:00:49
39.975671808,116.328976247,0,191.295666010499,40753.958912037,2011-07-29,23:00:50
39.975667555,116.328967163,0,191.45187007874,40753.9589236111,2011-07-29,23:00:51
39.975673459,116.328962537,0,192.021233595801,40753.9589351852,2011-07-29,23:00:52
39.97567645,116.328947102,0,192.793887795276,40753.9589467593,2011-07-29,23:00:53
39.975677583,116.328947986,0,193.398530183727,40753.9589583333,2011-07-29,23:00:54
39.975674172,116.328944393,0,193.821463254593,40753.9589699074,2011-07-29,23:00:55
39.975688196,116.328941875,0,194.139192913386,40753.9589814815,2011-07-29,23:00:56
39.975706,116.328954487,0,194.37532152231,40753.9589930556,2011-07-29,23:00:57
39.975710175,116.328950293,0,194.665967847769,40753.9590046296,2011-07-29,23:00:58
39.97572199,116.328952235,0,194.89812664042,40753.9590162037,2011-07-29,23:00:59
39.975727388,116.328966163,0,195.882125984252,40753.9590277778,2011-07-29,23:01:00
39.975743335,116.328959447,0,194.679356955381,40753.9590393519,2011-07-29,23:01:01
39.975747243,116.328972058,0,195.588313648294,40753.9590509259,2011-07-29,23:01:02
39.975757215,116.32898071,0,196.205725065617,40753.9590625,2011-07-29,23:01:03
39.975758962,116.328980647,0,196.26906496063,40753.9590740741,2011-07-29,23:01:04
39.975760467,116.328981098,0,196.344232283465,40753.9590856481,2011-07-29,23:01:05
39.975762102,116.328983752,0,196.445095144357,40753.9590972222,2011-07-29,23:01:06
39.975783373,116.328992864,0,198.884022309711,40753.9591087963,2011-07-29,23:01:07
39.975788687,116.328999679,0,199.852427821522,40753.9591203704,2011-07-29,23:01:08
39.975800123,116.329010709,0,200.625265748032,40753.9591319444,2011-07-29,23:01:09
39.975821219,116.329025827,0,199.778523622047,40753.9591435185,2011-07-29,23:01:10
39.975840763,116.329036475,0,199.610029527559,40753.9591550926,2011-07-29,23:01:11
39.975890528,116.329039286,0,204.422142388451,40753.9591666667,2011-07-29,23:01:12
39.97590095,116.329035672,0,205.448044619423,40753.9591782407,2011-07-29,23:01:13
39.975924125,116.329039361,0,205.967834645669,40753.9591898148,2011-07-29,23:01:14
39.975936348,116.329039004,0,205.941187664042,40753.9592013889,2011-07-29,23:01:15
39.975980929,116.329034388,0,203.050216535433,40753.959212963,2011-07-29,23:01:16
39.975999525,116.32903313,0,203.27531824147,40753.959224537,2011-07-29,23:01:17
39.976008558,116.329034128,0,203.656112204724,40753.9592361111,2011-07-29,23:01:18
39.97601481,116.329037604,0,204.038769685039,40753.9592476852,2011-07-29,23:01:19
39.97601972,116.329035862,0,204.792762467192,40753.9592592593,2011-07-29,23:01:20
39.976065974,116.329018036,0,207.050915354331,40753.9592708333,2011-07-29,23:01:21
39.976068424,116.329040601,0,210.785078740157,40753.9592824074,2011-07-29,23:01:22
39.976102334,116.3290327,0,213.241902887139,40753.9592939815,2011-07-29,23:01:23
39.976106092,116.329031312,0,213.850200131234,40753.9593055556,2011-07-29,23:01:24
39.976109365,116.329032474,0,214.65123687664,40753.9593171296,2011-07-29,23:01:25
39.976116776,116.329038423,0,214.807080052493,40753.9593287037,2011-07-29,23:01:26
39.976150617,116.329054745,0,216.091312335958,40753.9593402778,2011-07-29,23:01:27
39.976160242,116.329055244,0,216.480416666667,40753.9593518519,2011-07-29,23:01:28
39.976166362,116.329060187,0,218.251646981627,40753.9593634259,2011-07-29,23:01:29
39.976175674,116.329059341,0,219.160114829396,40753.959375,2011-07-29,23:01:30
39.976184954,116.329057744,0,219.811141732283,40753.9593865741,2011-07-29,23:01:31
39.976202133,116.329072346,0,221.644097769029,40753.9593981481,2011-07-29,23:01:32
39.976208728,116.329076236,0,223.360688976378,40753.9594097222,2011-07-29,23:01:33
39.976213911,116.329076679,0,224.433083989501,40753.9594212963,2011-07-29,23:01:34
39.976248,116.329029753,0,224.916151574803,40753.9594328704,2011-07-29,23:01:35
39.976259874,116.329014033,0,224.505672572178,40753.9594444444,2011-07-29,23:01:36
39.976263785,116.329005701,0,224.515459317585,40753.9594560185,2011-07-29,23:01:37
39.976270787,116.328995318,0,223.961200787402,40753.9594675926,2011-07-29,23:01:38
39.976277127,116.328985799,0,224.067132545932,40753.9594791667,2011-07-29,23:01:39
39.976293074,116.328977167,0,225.236322178478,40753.9594907407,2011-07-29,23:01:40
39.976299086,116.328974006,0,225.874156824147,40753.9595023148,2011-07-29,23:01:41
39.976302015,116.328977061,0,226.552893700787,40753.9595138889,2011-07-29,23:01:42
39.976316993,116.328975143,0,228.466197506562,40753.959525463,2011-07-29,23:01:43
39.976329371,116.328972452,0,231.499133858268,40753.959537037,2011-07-29,23:01:44
39.976334716,116.32896764,0,232.64904855643,40753.9595486111,2011-07-29,23:01:45
39.97634517,116.328963961,0,233.831807742782,40753.9595601852,2011-07-29,23:01:46
39.976359613,116.328971468,0,234.341532152231,40753.9595717593,2011-07-29,23:01:47
39.976384003,116.328985858,0,234.312073490814,40753.9595833333,2011-07-29,23:01:48
39.976398777,116.329000243,0,235.883832020997,40753.9595949074,2011-07-29,23:01:49
39.976408235,116.329004759,0,237.101732283465,40753.9596064815,2011-07-29,23:01:50
39.976417008,116.32899665,0,237.820091863517,40753.9596180556,2011-07-29,23:01:51
39.976425283,116.328998394,0,239.320114829396,40753.9596296296,2011-07-29,23:01:52
39.976423294,116.328977936,0,240.153090551181,40753.9596412037,2011-07-29,23:01:53
39.976406848,116.328969063,0,243.211679790026,40753.9596527778,2011-07-29,23:01:54
39.976412085,116.328955701,0,243.391427165354,40753.9596643519,2011-07-29,23:01:55
39.976419944,116.328958715,0,242.948480971129,40753.9596759259,2011-07-29,23:01:56
39.97642871,116.328953311,0,244.475711942257,40753.9596875,2011-07-29,23:01:57
39.976443748,116.328939942,0,245.148540026247,40753.9596990741,2011-07-29,23:01:58
39.976450237,116.328914054,0,246.704908136483,40753.9597106481,2011-07-29,23:01:59
39.976484724,116.328894247,0,250.287795275591,40753.9597222222,2011-07-29,23:02:00
39.976514888,116.328872106,0,247.919829396325,40753.9597337963,2011-07-29,23:02:01
39.976551622,116.328849058,0,244.768198818898,40753.9597453704,2011-07-29,23:02:02
39.976571838,116.328845575,0,244.509904855643,40753.9597569444,2011-07-29,23:02:03
39.976591896,116.328830334,0,245.063287401575,40753.9597685185,2011-07-29,23:02:04
39.976610098,116.328821159,0,246.341309055118,40753.9597800926,2011-07-29,23:02:05
39.9766242,116.328817518,0,247.05436351706,40753.9597916667,2011-07-29,23:02:06
39.976633488,116.328813687,0,248.555534776903,40753.9598032407,2011-07-29,23:02:07
39.976641097,116.32880924,0,249.959265091864,40753.9598148148,2011-07-29,23:02:08
39.97665677,116.328795142,0,250.220134514436,40753.9598263889,2011-07-29,23:02:09
39.976678976,116.328782343,0,249.857037401575,40753.959837963,2011-07-29,23:02:10
39.976688428,116.328780048,0,250.908257874016,40753.959849537,2011-07-29,23:02:11
39.976701977,116.328776681,0,251.741633858268,40753.9598611111,2011-07-29,23:02:12
39.976719638,116.328771369,0,252.572657480315,40753.9598726852,2011-07-29,23:02:13
39.976738868,116.328764543,0,253.085114829396,40753.9598842593,2011-07-29,23:02:14
39.976741532,116.328762702,0,252.685846456693,40753.9598958333,2011-07-29,23:02:15
39.976746978,116.328764721,0,254.614120734908,40753.9599074074,2011-07-29,23:02:16
39.976753741,116.328764969,0,256.370784120735,40753.9599189815,2011-07-29,23:02:17
39.976762793,116.328764027,0,258.196056430446,40753.9599305556,2011-07-29,23:02:18
39.976764847,116.328753392,0,258.881427165354,40753.9599421296,2011-07-29,23:02:19
39.976770906,116.328746489,0,260.276919291339,40753.9599537037,2011-07-29,23:02:20
39.976778172,116.328737835,0,260.14968832021,40753.9599652778,2011-07-29,23:02:21
39.976786295,116.328724518,0,261.757316272966,40753.9599768519,2011-07-29,23:02:22
39.976796949,116.328714099,0,262.863330052493,40753.9599884259,2011-07-29,23:02:23
39.97680465,116.328701279,0,264.47749343832,40753.96,2011-07-29,23:02:24
39.976811968,116.328693109,0,265.272096456693,40753.9600115741,2011-07-29,23:02:25
39.976853268,116.328659582,0,273.022939632546,40753.9600231481,2011-07-29,23:02:26
39.97687166,116.328641282,0,276.509133858268,40753.9600347222,2011-07-29,23:02:27
39.976900188,116.328655826,0,274.027250656168,40753.9600462963,2011-07-29,23:02:28
39.976910894,116.328658629,0,275.11907152231,40753.9600578704,2011-07-29,23:02:29
39.976917523,116.328664224,0,275.797004593176,40753.9600694444,2011-07-29,23:02:30
39.976918782,116.328674285,0,277.239881889764,40753.9600810185,2011-07-29,23:02:31
39.976920342,116.328677821,0,278.114809711286,40753.9600925926,2011-07-29,23:02:32
39.976920912,116.328683585,0,279.122549212598,40753.9601041667,2011-07-29,23:02:33
39.976926116,116.32868904,0,279.497312992126,40753.9601157407,2011-07-29,23:02:34
39.976927691,116.328693338,0,279.523920603675,40753.9601273148,2011-07-29,23:02:35
39.976926664,116.32870099,0,280.649557086614,40753.9601388889,2011-07-29,23:02:36
39.976923428,116.328723088,0,280.828500656168,40753.960150463,2011-07-29,23:02:37
39.976922209,116.328736634,0,282.554101049869,40753.960162037,2011-07-29,23:02:38
39.976920115,116.328750644,0,283.291833989501,40753.9601736111,2011-07-29,23:02:39
39.976924126,116.328759807,0,283.728848425197,40753.9601851852,2011-07-29,23:02:40
39.97692698,116.328770982,0,283.974399606299,40753.9601967593,2011-07-29,23:02:41
39.976929568,116.328786429,0,283.743940288714,40753.9602083333,2011-07-29,23:02:42
39.976931219,116.328791711,0,284.12343175853,40753.9602199074,2011-07-29,23:02:43
39.976931929,116.328797121,0,284.678891076115,40753.9602314815,2011-07-29,23:02:44
39.97692892,116.328804435,0,284.808402230971,40753.9602430556,2011-07-29,23:02:45
39.976947352,116.328833369,0,280.826473097113,40753.9602546296,2011-07-29,23:02:46
39.976940325,116.328833786,0,280.504878608924,40753.9602662037,2011-07-29,23:02:47
39.976937489,116.328844198,0,280.670255905512,40753.9602777778,2011-07-29,23:02:48
39.976936727,116.328851379,0,280.724271653543,40753.9602893519,2011-07-29,23:02:49
39.976939647,116.3288527,0,280.368257874016,40753.9603009259,2011-07-29,23:02:50
39.976942599,116.328853622,0,280.258648293963,40753.9603125,2011-07-29,23:02:51
39.97694423,116.328858648,0,279.592053805774,40753.9603240741,2011-07-29,23:02:52
39.976952912,116.328877559,0,280.768477690289,40753.9603356481,2011-07-29,23:02:53
39.976955365,116.328879875,0,279.843211942257,40753.9603472222,2011-07-29,23:02:54
39.976960296,116.328887882,0,279.061525590551,40753.9603587963,2011-07-29,23:02:55
39.976964439,116.328894722,0,278.520583989501,40753.9603703704,2011-07-29,23:02:56
39.976964204,116.328903374,0,278.038690944882,40753.9603819444,2011-07-29,23:02:57
39.976959174,116.328906466,0,275.652677165354,40753.9603935185,2011-07-29,23:02:58
39.976968104,116.328915661,0,274.317434383202,40753.9604050926,2011-07-29,23:02:59
39.976970935,116.328920447,0,274.20654855643,40753.9604166667,2011-07-29,23:03:00
39.976975394,116.328931829,0,273.814740813648,40753.9604282407,2011-07-29,23:03:01
39.976973919,116.328941702,0,273.45344488189,40753.9604398148,2011-07-29,23:03:02
39.976978109,116.328954477,0,273.034629265092,40753.9604513889,2011-07-29,23:03:03
39.976971038,116.328969719,0,272.417670603675,40753.960462963,2011-07-29,23:03:04
39.976972197,116.328995613,0,271.513179133858,40753.960474537,2011-07-29,23:03:05
39.976988532,116.329046821,0,270.876945538058,40753.9604861111,2011-07-29,23:03:06
39.976985989,116.329054986,0,270.319009186352,40753.9604976852,2011-07-29,23:03:07
39.976986406,116.329061118,0,269.749009186352,40753.9605092593,2011-07-29,23:03:08
39.976990565,116.329070926,0,268.293241469816,40753.9605208333,2011-07-29,23:03:09
39.976999777,116.329097599,0,267.408375984252,40753.9605324074,2011-07-29,23:03:10
39.976999612,116.329115852,0,266.753671259842,40753.9605439815,2011-07-29,23:03:11
39.976999262,116.32912988,0,266.372650918635,40753.9605555556,2011-07-29,23:03:12
39.976997319,116.329144329,0,265.879117454068,40753.9605671296,2011-07-29,23:03:13
39.976997422,116.329165739,0,264.222752624672,40753.9605787037,2011-07-29,23:03:14
39.976997104,116.32917624,0,263.403418635171,40753.9605902778,2011-07-29,23:03:15
39.976998427,116.32918588,0,262.716348425197,40753.9606018519,2011-07-29,23:03:16
39.977003035,116.329201991,0,261.616292650919,40753.9606134259,2011-07-29,23:03:17
39.977014972,116.329234157,0,259.719809711286,40753.960625,2011-07-29,23:03:18
39.977025449,116.329248158,0,258.623858267717,40753.9606365741,2011-07-29,23:03:19
39.977023034,116.329254361,0,258.100741469816,40753.9606481481,2011-07-29,23:03:20
39.977015666,116.329270681,0,256.773579396325,40753.9606597222,2011-07-29,23:03:21
39.977021302,116.329284612,0,256.60905183727,40753.9606712963,2011-07-29,23:03:22
39.977020627,116.329297911,0,255.784461942257,40753.9606828704,2011-07-29,23:03:23
39.977021647,116.329314749,0,255.118316929134,40753.9606944444,2011-07-29,23:03:24
39.977021217,116.329328112,0,254.565160761155,40753.9607060185,2011-07-29,23:03:25
39.977027041,116.329341218,0,253.839717847769,40753.9607175926,2011-07-29,23:03:26
39.977031763,116.329351752,0,253.066489501312,40753.9607291667,2011-07-29,23:03:27
39.977039054,116.329362303,0,252.335114829396,40753.9607407407,2011-07-29,23:03:28
39.977048856,116.329372426,0,251.793923884514,40753.9607523148,2011-07-29,23:03:29
39.977086343,116.329408048,0,242.997591863517,40753.9607638889,2011-07-29,23:03:30
39.977102129,116.329428359,0,243.174133858268,40753.960775463,2011-07-29,23:03:31
39.977104375,116.329442656,0,242.718248031496,40753.960787037,2011-07-29,23:03:32
39.977107572,116.329454546,0,242.182713254593,40753.9607986111,2011-07-29,23:03:33
39.977110969,116.329462469,0,241.596066272966,40753.9608101852,2011-07-29,23:03:34
39.97711714,116.329469008,0,240.896053149606,40753.9608217593,2011-07-29,23:03:35
39.977119537,116.329482113,0,240.377214566929,40753.9608333333,2011-07-29,23:03:36
39.977122643,116.32949511,0,239.550997375328,40753.9608449074,2011-07-29,23:03:37
39.97713727,116.329512683,0,239.444616141732,40753.9608564815,2011-07-29,23:03:38
39.977146247,116.329523596,0,238.664307742782,40753.9608680556,2011-07-29,23:03:39
39.977152829,116.329539918,0,238.262988845144,40753.9608796296,2011-07-29,23:03:40
39.977171588,116.329548171,0,237.479396325459,40753.9608912037,2011-07-29,23:03:41
39.977150452,116.329552628,0,233.103585958005,40753.9609027778,2011-07-29,23:03:42
39.977152947,116.329556931,0,232.149409448819,40753.9609143519,2011-07-29,23:03:43
39.977156363,116.329569503,0,231.311702755905,40753.9609259259,2011-07-29,23:03:44
39.977154532,116.32958385,0,230.612240813648,40753.9609375,2011-07-29,23:03:45
39.977151253,116.329594517,0,230.120761154856,40753.9609490741,2011-07-29,23:03:46
39.977152876,116.329600984,0,229.353392388451,40753.9609606481,2011-07-29,23:03:47
39.977142296,116.329610675,0,229.087139107612,40753.9609722222,2011-07-29,23:03:48
39.977139578,116.329608863,0,229.239625984252,40753.9609837963,2011-07-29,23:03:49
39.977137102,116.329616089,0,228.765469160105,40753.9609953704,2011-07-29,23:03:50
39.977134011,116.329623503,0,228.91843175853,40753.9610069444,2011-07-29,23:03:51
39.977136291,116.329624658,0,228.533707349081,40753.9610185185,2011-07-29,23:03:52
39.977140046,116.329634401,0,228.471604330709,40753.9610300926,2011-07-29,23:03:53
39.977100867,116.329651145,0,226.647709973753,40753.9610416667,2011-07-29,23:03:54
39.97708696,116.329661025,0,226.860521653543,40753.9610532407,2011-07-29,23:03:55
39.977066095,116.329673754,0,227.290826771654,40753.9610648148,2011-07-29,23:03:56
39.977066436,116.329691369,0,227.798927165354,40753.9610763889,2011-07-29,23:03:57
39.977067082,116.329704392,0,227.453175853018,40753.961087963,2011-07-29,23:03:58
39.977043436,116.329747285,0,227.101318897638,40753.961099537,2011-07-29,23:03:59
39.977037481,116.329771127,0,227.168950131234,40753.9611111111,2011-07-29,23:04:00
39.977036241,116.329775908,0,226.806230314961,40753.9611226852,2011-07-29,23:04:01
39.97703261,116.329787751,0,226.577024278215,40753.9611342593,2011-07-29,23:04:02
39.977035868,116.329799057,0,226.25404855643,40753.9611458333,2011-07-29,23:04:03
39.977041259,116.329818935,0,226.157431102362,40753.9611574074,2011-07-29,23:04:04
39.977047436,116.329837546,0,225.760367454068,40753.9611689815,2011-07-29,23:04:05
39.977056022,116.329851024,0,225.31719816273,40753.9611805556,2011-07-29,23:04:06
39.977061848,116.329865911,0,225.077952755905,40753.9611921296,2011-07-29,23:04:07
39.977067092,116.329880002,0,224.36812664042,40753.9612037037,2011-07-29,23:04:08
39.977088816,116.329889241,0,222.697096456693,40753.9612152778,2011-07-29,23:04:09
39.977089452,116.329904825,0,222.184488188976,40753.9612268518,2011-07-29,23:04:10
39.977095758,116.329917187,0,221.387306430446,40753.9612384259,2011-07-29,23:04:11
39.977102398,116.329938232,0,221.262352362205,40753.96125,2011-07-29,23:04:12
39.977103616,116.329959108,0,221.514790026247,40753.9612615741,2011-07-29,23:04:13
39.977137088,116.329963367,0,221.484478346457,40753.9612731481,2011-07-29,23:04:14
39.97714038,116.329971287,0,221.122431102362,40753.9612847222,2011-07-29,23:04:15
39.977143741,116.329985471,0,220.634580052493,40753.9612962963,2011-07-29,23:04:16
39.97712774,116.330001981,0,219.627116141732,40753.9613078704,2011-07-29,23:04:17
39.977129805,116.330013981,0,219.110029527559,40753.9613194444,2011-07-29,23:04:18
39.977129845,116.330029394,0,218.520803805774,40753.9613310185,2011-07-29,23:04:19
39.977129945,116.330040592,0,217.90001312336,40753.9613425926,2011-07-29,23:04:20
39.977221049,116.330323613,0,199.441184383202,40753.9618055556,2011-07-29,23:05:00
39.977299119,116.330351227,0,195.05654855643,40753.9618171296,2011-07-29,23:05:01
39.977304215,116.330346355,0,194.835226377953,40753.9618287037,2011-07-29,23:05:02
39.977315099,116.330341866,0,194.524041994751,40753.9618402778,2011-07-29,23:05:03
39.977321465,116.330333835,0,194.488772965879,40753.9618518518,2011-07-29,23:05:04
39.977326104,116.330327698,0,194.458937007874,40753.9618634259,2011-07-29,23:05:05
39.977330888,116.330329662,0,194.200416666667,40753.961875,2011-07-29,23:05:06
39.977336526,116.330329375,0,193.998943569554,40753.9618865741,2011-07-29,23:05:07
39.977342293,116.330331238,0,193.835229658793,40753.9618981481,2011-07-29,23:05:08
39.977350736,116.330334332,0,193.492457349081,40753.9619097222,2011-07-29,23:05:09
39.977352796,116.330329949,0,193.252962598425,40753.9619212963,2011-07-29,23:05:10
39.977367634,116.33033134,0,192.802070209974,40753.9619328704,2011-07-29,23:05:11
39.977372462,116.330329177,0,192.601161417323,40753.9619444444,2011-07-29,23:05:12
39.977377243,116.330326777,0,192.53719488189,40753.9619560185,2011-07-29,23:05:13
39.977389904,116.330327978,0,192.124511154856,40753.9619675926,2011-07-29,23:05:14
39.977393634,116.330323866,0,191.949520997375,40753.9619791667,2011-07-29,23:05:15
39.977377879,116.330320561,0,191.620692257218,40753.9619907407,2011-07-29,23:05:16
39.977367123,116.330317778,0,191.237795275591,40753.9620023148,2011-07-29,23:05:17
39.97735817,116.330318863,0,190.43970144357,40753.9620138889,2011-07-29,23:05:18
39.977332581,116.33033422,0,189.478041338583,40753.962025463,2011-07-29,23:05:19
39.977324974,116.33033586,0,189.068549868766,40753.962037037,2011-07-29,23:05:20
39.977314141,116.330337618,0,188.541010498688,40753.9620486111,2011-07-29,23:05:21
39.977304154,116.330343685,0,188.16467191601,40753.9620601852,2011-07-29,23:05:22
39.977302128,116.330351815,0,187.703179133858,40753.9620717593,2011-07-29,23:05:23
39.977324934,116.330381616,0,189.493559711286,40753.9620833333,2011-07-29,23:05:24
39.977309613,116.330397583,0,188.589583333333,40753.9620949074,2011-07-29,23:05:25
39.9773012,116.330409875,0,187.960761154856,40753.9621064815,2011-07-29,23:05:26
39.977286522,116.330414953,0,189.093690944882,40753.9621180556,2011-07-29,23:05:27
39.977289781,116.330409557,0,189.732027559055,40753.9621296296,2011-07-29,23:05:28
39.977226329,116.330464856,0,187.86218832021,40753.9621412037,2011-07-29,23:05:29
39.977221047,116.330468463,0,187.603681102362,40753.9621527778,2011-07-29,23:05:30
39.977218976,116.330471109,0,187.379468503937,40753.9621643518,2011-07-29,23:05:31
39.977211189,116.330474677,0,187.137785433071,40753.9621759259,2011-07-29,23:05:32
39.977211606,116.330478374,0,187.001266404199,40753.9621875,2011-07-29,23:05:33
39.977212955,116.330474383,0,186.992280183727,40753.9621990741,2011-07-29,23:05:34
39.97721907,116.330472574,0,186.926272965879,40753.9622106481,2011-07-29,23:05:35
39.97721952,116.330471446,0,186.78344816273,40753.9622222222,2011-07-29,23:05:36
39.977219956,116.330470492,0,186.678556430446,40753.9622337963,2011-07-29,23:05:37
39.977209914,116.330466355,0,186.396332020997,40753.9622453704,2011-07-29,23:05:38
39.97720955,116.330462902,0,186.429911417323,40753.9622569444,2011-07-29,23:05:39
39.977213997,116.33046564,0,186.243231627297,40753.9622685185,2011-07-29,23:05:40
39.977224044,116.33046656,0,186.214547244094,40753.9622800926,2011-07-29,23:05:41
39.97722716,116.330463316,0,186.210918635171,40753.9622916667,2011-07-29,23:05:42
39.977230302,116.330450125,0,186.397896981627,40753.9623032407,2011-07-29,23:05:43
39.97723353,116.330451449,0,186.332417979003,40753.9623148148,2011-07-29,23:05:44
39.977231408,116.330450047,0,186.244983595801,40753.9623263889,2011-07-29,23:05:45
39.977218344,116.330443769,0,186.304045275591,40753.962337963,2011-07-29,23:05:46
39.977224781,116.330452182,0,186.376646981627,40753.962349537,2011-07-29,23:05:47
39.97722821,116.330452521,0,186.375157480315,40753.9623611111,2011-07-29,23:05:48
39.977229784,116.330452063,0,186.324619422572,40753.9623726852,2011-07-29,23:05:49
39.977233711,116.330454927,0,186.528307086614,40753.9623842593,2011-07-29,23:05:50
39.97722964,116.330460816,0,186.283382545932,40753.9623958333,2011-07-29,23:05:51
39.977232559,116.330453038,0,186.125200131234,40753.9624074074,2011-07-29,23:05:52
39.977244399,116.330458468,0,186.602224409449,40753.9624189815,2011-07-29,23:05:53
39.977253252,116.330463372,0,186.993044619423,40753.9624305556,2011-07-29,23:05:54
39.97725821,116.330458747,0,187.205367454068,40753.9624421296,2011-07-29,23:05:55
39.977262074,116.330454686,0,187.312135826772,40753.9624537037,2011-07-29,23:05:56
39.977267125,116.330450431,0,187.384737532808,40753.9624652778,2011-07-29,23:05:57
39.977279116,116.330486395,0,190.686204068241,40753.9624768518,2011-07-29,23:05:58
39.977268842,116.330567801,0,192.803812335958,40753.9624884259,2011-07-29,23:05:59
39.97728068,116.330566465,0,192.999852362205,40753.9625,2011-07-29,23:06:00
39.977280504,116.330601294,0,194.155124671916,40753.9625115741,2011-07-29,23:06:01
39.977284476,116.330644383,0,195.496476377953,40753.9625231481,2011-07-29,23:06:02
39.977294597,116.33068808,0,197.826069553806,40753.9625347222,2011-07-29,23:06:03
39.977296105,116.330700765,0,198.669809711286,40753.9625462963,2011-07-29,23:06:04
39.977305494,116.330711397,0,199.57342191601,40753.9625578704,2011-07-29,23:06:05
39.977307188,116.330718665,0,200.159793307087,40753.9625694444,2011-07-29,23:06:06
39.977321311,116.330732302,0,200.52124015748,40753.9625810185,2011-07-29,23:06:07
39.977324243,116.330742503,0,202.129619422572,40753.9625925926,2011-07-29,23:06:08
39.977329473,116.330757062,0,202.820984251969,40753.9626041667,2011-07-29,23:06:09
39.977330435,116.330751161,0,202.821709317585,40753.9626157407,2011-07-29,23:06:10
39.977332683,116.330752012,0,202.994983595801,40753.9626273148,2011-07-29,23:06:11
39.977396657,116.330779572,0,201.905492125984,40753.9626388889,2011-07-29,23:06:12
39.977430483,116.330799294,0,201.204291338583,40753.962650463,2011-07-29,23:06:13
39.977429675,116.330813459,0,201.492598425197,40753.962662037,2011-07-29,23:06:14
39.977431191,116.330834201,0,202.688169291339,40753.9626736111,2011-07-29,23:06:15
39.97743261,116.330855635,0,203.351049868766,40753.9626851852,2011-07-29,23:06:16
39.97744333,116.330867012,0,203.723369422572,40753.9626967593,2011-07-29,23:06:17
39.977457392,116.330884124,0,204.519173228346,40753.9627083333,2011-07-29,23:06:18
39.977476168,116.330897577,0,204.757942913386,40753.9627199074,2011-07-29,23:06:19
39.977498279,116.330895126,0,206.04375,40753.9627314815,2011-07-29,23:06:20
39.977515241,116.330901431,0,206.476847112861,40753.9627430556,2011-07-29,23:06:21
39.977520494,116.330913181,0,207.96345144357,40753.9627546296,2011-07-29,23:06:22
39.977537015,116.330919225,0,208.316512467192,40753.9627662037,2011-07-29,23:06:23
39.977547156,116.330927076,0,208.657395013123,40753.9627777778,2011-07-29,23:06:24
39.977557124,116.330932825,0,208.880531496063,40753.9627893518,2011-07-29,23:06:25
39.977572659,116.330951707,0,207.616125328084,40753.9628009259,2011-07-29,23:06:26
39.977582789,116.330962055,0,207.516213910761,40753.9628125,2011-07-29,23:06:27
39.977601802,116.330963081,0,207.054045275591,40753.9628240741,2011-07-29,23:06:28
39.977614123,116.330969581,0,207.403487532808,40753.9628356481,2011-07-29,23:06:29
39.977626589,116.330979039,0,207.348195538058,40753.9628472222,2011-07-29,23:06:30
39.977632901,116.330994402,0,207.955669291339,40753.9628587963,2011-07-29,23:06:31
39.977637448,116.330999127,0,209.429596456693,40753.9628703704,2011-07-29,23:06:32
39.977638661,116.331028414,0,206.845062335958,40753.9628819444,2011-07-29,23:06:33
39.977643426,116.331036149,0,206.231469816273,40753.9628935185,2011-07-29,23:06:34
39.977645851,116.331052878,0,204.627919947507,40753.9629050926,2011-07-29,23:06:35
39.977648316,116.331060614,0,204.067591863517,40753.9629166667,2011-07-29,23:06:36
39.977650745,116.331074803,0,203.520695538058,40753.9629282407,2011-07-29,23:06:37
39.977648145,116.331099342,0,201.043769685039,40753.9629398148,2011-07-29,23:06:38
39.977651829,116.331109209,0,200.225800524934,40753.9629513889,2011-07-29,23:06:39
39.977652831,116.331127499,0,198.765515091864,40753.962962963,2011-07-29,23:06:40
39.977655901,116.331132464,0,197.032053805774,40753.962974537,2011-07-29,23:06:41
39.977657717,116.331141708,0,195.957919947507,40753.9629861111,2011-07-29,23:06:42
39.9776618,116.331151051,0,194.995498687664,40753.9629976852,2011-07-29,23:06:43
39.977666414,116.331162249,0,194.148543307087,40753.9630092593,2011-07-29,23:06:44
39.977667639,116.331175826,0,193.513910761155,40753.9630208333,2011-07-29,23:06:45
39.977675392,116.331186211,0,192.831167979003,40753.9630324074,2011-07-29,23:06:46
39.977690802,116.331199572,0,192.115551181102,40753.9630439815,2011-07-29,23:06:47
39.977701347,116.33121024,0,191.114143700787,40753.9630555556,2011-07-29,23:06:48
39.977711522,116.331219582,0,191.516387795276,40753.9630671296,2011-07-29,23:06:49
39.97771789,116.331230262,0,192.004652230971,40753.9630787037,2011-07-29,23:06:50
39.977721817,116.331240899,0,192.348838582677,40753.9630902778,2011-07-29,23:06:51
39.977723861,116.3312547,0,191.282611548556,40753.9631018518,2011-07-29,23:06:52
39.97775283,116.331286056,0,185.159786745407,40753.9631134259,2011-07-29,23:06:53
39.977757587,116.33131287,0,181.336351706037,40753.963125,2011-07-29,23:06:54
39.977597514,116.331590217,0,183.25123687664,40753.9641782407,2011-07-29,23:08:25
39.977594887,116.331593443,0,182.818779527559,40753.9641898148,2011-07-29,23:08:26
39.977595778,116.331595013,0,182.503815616798,40753.9642013889,2011-07-29,23:08:27
39.977599082,116.331595727,0,182.435567585302,40753.964212963,2011-07-29,23:08:28
39.977595223,116.331598265,0,182.242368766404,40753.964224537,2011-07-29,23:08:29
39.977592213,116.331599762,0,182.101643700787,40753.9642361111,2011-07-29,23:08:30
39.977590988,116.331598924,0,181.936377952756,40753.9642476852,2011-07-29,23:08:31
39.977589032,116.331598193,0,181.796843832021,40753.9642592593,2011-07-29,23:08:32
39.977586806,116.331597895,0,181.682004593176,40753.9642708333,2011-07-29,23:08:33
39.977584541,116.331597746,0,181.585659448819,40753.9642824074,2011-07-29,23:08:34
39.977582327,116.331597763,0,181.506512467192,40753.9642939815,2011-07-29,23:08:35
39.977581472,116.331597083,0,181.441020341207,40753.9643055556,2011-07-29,23:08:36
39.977580575,116.331597688,0,181.384550524934,40753.9643171296,2011-07-29,23:08:37
39.977580265,116.331599798,0,181.339708005249,40753.9643287037,2011-07-29,23:08:38
39.977578958,116.33160103,0,181.298845144357,40753.9643402778,2011-07-29,23:08:39
39.97757782,116.331602498,0,181.261709317585,40753.9643518519,2011-07-29,23:08:40
39.977576406,116.331604453,0,181.230360892388,40753.9643634259,2011-07-29,23:08:41
39.977574532,116.331606882,0,181.202762467192,40753.964375,2011-07-29,23:08:42
39.977572978,116.331609699,0,181.182477034121,40753.9643865741,2011-07-29,23:08:43
39.977572045,116.331612063,0,181.163802493438,40753.9643981481,2011-07-29,23:08:44
39.977570136,116.331612731,0,181.137083333333,40753.9644097222,2011-07-29,23:08:45
39.977568853,116.33161316,0,181.11187664042,40753.9644212963,2011-07-29,23:08:46
39.977567217,116.331614377,0,181.098809055118,40753.9644328704,2011-07-29,23:08:47
39.977565674,116.331615809,0,181.085482283465,40753.9644444444,2011-07-29,23:08:48
39.977564111,116.331618536,0,181.070987532808,40753.9644560185,2011-07-29,23:08:49
39.977562484,116.331625944,0,181.04374343832,40753.9644675926,2011-07-29,23:08:50
39.977561379,116.331634353,0,181.005557742782,40753.9644791667,2011-07-29,23:08:51
39.977563619,116.331642344,0,180.900853018373,40753.9644907407,2011-07-29,23:08:52
39.977566111,116.331645602,0,180.717729658793,40753.9645023148,2011-07-29,23:08:53
39.977575059,116.331640921,0,180.497332677165,40753.9645138889,2011-07-29,23:08:54
39.977575011,116.331634622,0,179.838822178478,40753.964525463,2011-07-29,23:08:55
